Q1,Q2,Q3,Q4,Q5,Q6,Q7,Q8,Q9,Q10,Q11,Q12,Q13,Q14,Q15,Q16,Q17,Q18,Q19,Q20,Q21,Q22,Q23,Q24,Q25,Q26,Q27,Q28,Q29,Q30,Q31,Q32,age,gender
2,2,3,1,4,5,4,3,4,3,3,1,5,4,4,4,2,3,3,1,4,4,3,2,1,3,2,4,2,4,2,2,25,2
2,3,2,2,4,4,4,3,4,3,4,3,3,4,5,4,2,2,3,2,3,3,4,2,2,5,1,2,4,4,3,1,44,2
3,4,3,3,4,4,3,1,2,4,3,2,4,4,3,3,2,4,2,1,4,2,4,3,2,4,3,3,2,5,4,2,50,1
3,3,3,4,3,5,4,3,-1,4,2,4,4,5,4,3,3,3,3,3,4,3,2,4,2,4,2,2,4,5,3,3,30,2
1,4,2,2,3,5,4,1,4,4,2,2,5,4,4,4,2,3,2,1,5,3,3,1,1,5,2,3,2,5,4,2,52,1
3,3,3,2,3,3,4,2,2,1,3,3,4,4,4,3,2,1,4,2,4,4,4,2,2,3,2,4,3,4,3,3,30,2
4,1,2,4,2,3,3,3,4,4,4,1,2,1,2,4,4,1,3,1,3,2,2,3,4,3,2,2,3,3,4,4,27,1
2,4,4,1,5,5,4,3,2,4,3,3,5,4,3,3,3,4,5,3,4,3,3,1,1,4,2,4,1,5,2,2,34,1
2,2,1,1,3,4,3,1,3,3,2,2,5,3,3,4,2,2,4,1,4,4,4,2,1,3,4,4,1,5,2,1,30,2
4,2,4,1,3,5,4,2,3,1,5,3,1,3,1,5,5,1,3,1,2,1,5,2,4,5,5,2,1,5,3,2,18,1
1,5,1,3,4,5,4,3,2,5,5,3,5,5,5,2,2,5,4,1,5,1,4,4,1,5,2,2,2,5,2,3,33,1
1,3,5,5,5,5,1,4,1,3,5,4,5,3,3,2,1,3,5,1,5,1,1,3,1,5,3,1,1,5,1,3,26,1
2,3,2,4,2,5,3,3,3,1,4,5,5,4,4,2,3,2,2,2,4,4,2,1,-1,2,1,3,1,5,3,1,29,2
4,2,2,2,2,2,3,1,5,1,5,1,4,2,3,5,4,2,1,1,2,2,4,3,2,2,2,2,4,4,2,1,36,1
1,2,3,3,5,5,3,2,3,1,1,3,4,4,5,4,1,1,3,1,5,3,5,2,1,4,1,1,1,5,4,4,30,1
2,4,4,4,4,5,5,3,2,3,1,4,4,3,3,2,2,4,3,2,4,2,3,2,2,4,1,4,2,4,4,4,26,1
1,3,4,2,5,5,3,1,1,2,2,3,5,3,3,3,1,2,3,1,5,3,4,1,1,3,1,3,1,4,4,2,27,2
3,4,3,2,5,5,4,1,2,5,3,4,3,5,4,5,2,5,3,1,5,2,3,2,2,5,3,1,3,5,4,3,21,2
1,4,2,3,4,5,2,3,3,4,4,4,5,3,1,2,3,3,5,2,4,3,3,2,1,4,2,3,2,5,1,2,26,1
3,5,2,2,3,4,3,2,2,3,2,3,3,4,3,3,1,3,2,2,5,2,3,2,2,4,2,2,3,5,3,3,20,1
4,3,3,2,2,4,3,1,3,2,1,2,5,3,5,1,4,3,1,1,5,2,3,3,1,2,1,1,1,5,1,1,23,1
1,3,1,3,4,4,4,2,3,2,2,2,4,4,5,3,3,2,2,2,5,4,5,1,1,3,1,3,2,3,5,2,50,2
4,3,1,2,2,5,4,2,2,2,2,2,4,3,5,4,4,3,2,2,4,3,4,2,2,3,1,2,4,5,4,2,36,2
3,4,1,5,4,4,3,4,2,4,2,4,4,3,5,4,2,3,2,3,4,3,3,3,2,4,1,4,3,5,4,3,70,2
1,4,3,4,4,5,4,2,3,1,4,4,5,5,2,4,1,1,3,2,5,2,2,1,1,5,4,3,2,5,2,1,17,2
1,2,3,4,4,5,-1,3,3,3,2,4,5,4,4,3,1,3,2,2,5,3,4,4,1,4,1,4,2,3,4,3,16,2
4,2,1,1,1,4,2,1,5,1,4,1,1,1,3,5,5,1,2,1,1,5,5,2,5,2,1,1,3,3,3,1,39,1
3,3,2,3,2,3,4,1,3,2,1,2,4,4,4,3,3,3,1,1,4,3,3,2,2,3,1,1,2,4,2,3,61,2
4,4,3,3,4,2,2,4,2,3,4,4,2,4,4,2,3,4,4,4,3,2,4,4,3,2,4,4,2,2,3,4,18,2
3,4,1,3,2,4,5,1,3,4,1,2,3,4,5,3,3,4,1,1,4,2,3,4,2,4,1,2,5,4,5,2,44,2
3,1,2,2,4,4,4,1,4,1,2,2,4,2,4,4,2,1,4,1,4,4,3,2,2,2,2,2,3,3,5,2,29,1
2,3,4,5,3,4,4,5,4,3,2,4,5,4,2,1,2,3,4,5,5,2,4,5,1,4,1,3,4,5,4,5,16,1
3,3,2,3,1,2,3,2,4,2,3,3,4,2,4,3,3,2,2,2,3,4,2,3,2,2,1,2,5,3,1,3,17,2
1,5,4,4,4,5,3,4,2,5,5,5,5,5,2,1,1,5,5,4,5,2,1,5,1,5,5,5,2,5,1,4,69,1
3,4,3,2,4,4,4,3,2,1,3,3,5,3,2,4,2,2,2,1,4,2,2,2,1,3,2,4,2,4,4,2,20,2
3,2,3,4,4,4,3,2,2,1,2,3,3,2,4,4,2,1,4,1,5,3,1,2,2,1,1,1,2,4,4,3,22,1
1,5,4,2,4,4,3,3,2,4,2,4,5,5,1,1,1,4,4,4,4,2,2,3,1,5,4,2,1,5,3,4,38,2
1,5,4,4,3,5,3,2,3,4,5,2,5,5,4,4,1,5,5,1,5,1,2,3,1,4,1,5,4,5,1,3,16,1
3,1,2,2,2,4,2,1,3,1,2,3,2,2,4,3,2,1,5,2,3,5,3,3,3,3,1,3,4,5,3,2,24,1
1,4,4,2,4,5,4,2,4,2,2,1,5,5,2,5,2,3,4,1,5,2,2,1,1,4,4,4,1,5,2,3,26,1
1,3,4,3,5,5,4,1,1,3,2,4,5,5,2,4,1,3,4,1,5,4,3,1,1,3,2,4,1,3,4,2,27,1
2,5,3,2,3,3,5,1,4,2,1,1,5,4,4,4,2,4,2,1,5,2,4,2,1,3,1,1,3,5,4,3,23,1
3,3,4,4,4,5,4,2,2,2,3,3,5,4,3,4,2,2,4,2,5,4,3,2,1,4,2,2,3,5,4,3,22,1
2,3,3,3,3,5,4,3,4,3,2,3,5,4,5,3,3,2,4,3,4,3,3,2,2,5,1,5,3,5,1,3,20,2
3,1,4,3,3,4,2,2,1,3,2,1,5,2,3,4,3,1,4,1,4,4,2,2,1,3,1,4,3,4,2,2,26,1
3,-1,4,2,3,3,3,4,5,1,2,4,4,3,-1,4,4,1,3,5,4,5,4,1,2,1,4,2,4,5,3,1,16,1
2,1,2,3,3,5,1,1,5,2,5,2,5,5,4,2,3,1,5,1,2,4,5,4,1,4,1,3,4,5,2,1,14,2
4,4,3,1,3,5,1,1,5,1,5,1,5,3,1,5,1,5,4,1,5,1,1,1,1,5,4,5,1,5,1,1,20,2
2,2,3,3,3,4,3,2,3,2,4,3,4,3,4,3,1,3,2,2,4,4,3,3,1,3,3,3,2,3,3,4,23,1
2,4,2,3,5,5,4,4,1,3,2,4,5,3,3,2,2,5,4,3,5,2,1,3,1,4,2,4,2,4,2,3,40,1
2,5,3,2,5,5,3,1,2,3,2,2,5,5,1,5,1,5,4,1,5,1,2,2,1,4,2,2,1,5,4,2,22,1
3,3,3,2,3,4,4,2,2,3,3,3,4,3,3,2,2,2,3,2,4,3,3,2,2,4,3,2,3,4,3,3,62,1
1,4,4,4,5,4,2,4,2,5,5,2,5,3,5,4,1,3,4,2,5,2,2,1,1,4,2,2,1,5,2,3,51,2
5,4,4,4,4,5,5,5,2,5,1,3,5,5,4,3,1,4,3,3,5,4,2,1,1,5,4,4,1,5,2,2,35,1
1,4,3,5,5,5,4,5,1,3,3,4,5,3,2,1,1,3,3,4,5,4,3,3,1,3,1,5,1,3,1,5,22,2
4,1,5,4,5,3,1,1,5,1,5,5,1,1,1,1,-1,1,5,1,1,5,3,1,5,1,4,5,1,5,3,3,20,1
2,2,3,2,4,4,4,1,2,3,4,1,5,2,3,4,2,3,4,1,5,2,4,1,1,3,3,2,1,3,3,1,25,1
1,4,2,5,5,5,4,5,1,4,2,4,5,5,4,2,1,4,5,5,5,1,1,3,1,4,2,5,1,5,4,3,30,1
1,4,1,4,4,4,5,2,2,2,2,4,5,1,5,4,2,2,2,3,5,5,5,5,2,2,1,4,4,4,4,3,46,1
1,5,2,3,4,4,5,3,4,4,2,4,5,5,5,2,3,4,5,2,-1,5,5,1,1,5,2,2,1,3,2,4,46,1
3,2,3,2,4,4,3,2,2,4,3,3,3,3,3,3,3,3,3,3,3,3,3,3,3,3,3,3,3,3,3,3,17,2
2,4,2,4,5,5,3,2,2,3,2,3,5,4,2,3,1,2,2,1,5,2,2,3,1,3,2,4,1,5,2,3,30,1
2,4,3,3,3,4,4,4,5,2,3,3,5,2,2,2,1,2,3,3,4,1,2,2,1,4,2,4,4,4,1,3,22,2
3,4,4,4,4,4,3,4,2,2,2,4,5,3,5,3,1,3,4,2,2,4,4,2,1,3,1,5,3,2,1,5,22,2
3,3,4,2,5,2,4,2,4,1,4,2,4,1,3,4,2,1,4,1,2,1,4,1,2,2,1,3,1,2,2,1,14,1
3,3,4,4,2,3,2,3,3,2,2,4,2,2,2,2,3,2,4,4,4,2,3,2,4,2,4,2,3,2,2,3,40,2
1,5,4,3,3,4,4,4,3,2,4,4,5,5,3,4,4,2,1,1,4,4,3,2,1,5,5,1,1,2,4,4,29,2
2,4,3,3,4,4,4,1,2,2,1,1,5,4,2,5,1,3,3,1,5,4,2,3,1,2,1,1,3,5,4,3,20,1
3,3,4,3,3,2,3,2,3,2,1,4,5,2,3,3,2,2,1,2,5,4,3,2,1,2,3,3,4,3,3,3,17,1
2,3,4,3,3,4,3,2,2,2,3,2,5,3,4,4,2,2,2,2,5,4,3,4,1,2,2,4,3,4,3,2,18,2
3,3,5,1,3,5,4,1,2,4,1,4,5,5,5,5,2,1,2,1,5,5,5,5,1,4,1,4,3,2,1,1,18,1
1,4,3,5,5,5,3,5,2,3,2,4,5,5,1,1,1,3,5,4,5,1,1,3,1,4,5,4,3,5,1,4,21,1
1,5,5,2,5,5,3,1,2,3,4,2,5,4,2,4,1,3,5,1,5,4,2,2,2,3,4,3,2,3,2,3,23,1
1,4,5,4,5,5,2,3,1,4,2,5,3,4,1,3,1,3,5,3,5,1,1,2,1,5,1,3,1,5,1,3,16,1
2,5,4,4,3,4,3,5,4,2,4,5,5,4,2,1,1,4,3,4,5,1,2,3,1,5,3,3,3,4,3,3,24,1
3,1,2,2,3,5,1,3,1,1,1,3,5,3,5,3,2,2,2,2,5,4,5,1,1,2,1,1,4,3,5,3,36,2
1,5,4,3,4,5,3,2,3,3,4,2,5,4,2,4,3,1,4,1,4,3,3,3,1,4,3,3,2,5,2,3,23,1
2,4,2,4,2,5,3,1,3,5,2,2,3,5,5,4,1,1,4,1,5,2,4,2,2,5,1,4,1,5,1,2,42,1
1,3,3,3,2,5,3,2,2,3,2,3,5,5,5,4,2,3,3,2,4,4,3,1,1,3,2,1,4,3,3,2,27,2
5,5,1,1,3,5,5,1,5,4,1,1,3,3,5,5,5,5,1,1,1,3,5,4,2,3,2,3,2,5,5,1,29,2
1,3,4,1,4,5,3,1,2,2,4,1,5,3,2,5,1,3,2,1,4,5,1,1,1,2,4,5,1,5,3,1,16,1
2,4,4,4,3,4,3,4,2,2,4,2,4,2,3,3,1,2,3,3,5,3,2,3,1,3,2,3,2,4,1,3,19,1
2,4,3,3,5,4,4,3,1,5,2,3,5,4,4,2,2,4,4,2,5,3,1,4,1,2,2,3,2,4,2,5,19,2
2,3,5,1,4,4,2,1,2,3,4,1,5,4,1,5,1,3,3,1,4,2,1,2,1,3,5,3,1,5,1,1,26,1
4,3,3,4,2,4,4,2,3,2,3,3,5,3,2,4,3,2,3,2,4,4,2,1,1,2,2,2,4,3,2,2,18,1
5,3,4,4,4,-1,3,4,4,3,5,4,5,4,4,3,3,4,5,3,5,3,4,4,3,5,4,4,4,4,4,5,24,2
5,3,4,3,5,5,4,3,2,4,2,4,5,3,3,3,1,5,4,2,5,4,3,2,1,3,4,5,2,5,2,3,23,1
2,2,4,3,1,2,3,1,5,1,3,1,5,2,2,5,4,1,4,2,4,4,1,1,1,3,4,2,4,2,1,1,20,2
1,1,4,3,2,3,5,4,4,3,4,5,5,2,3,2,1,3,5,4,5,5,1,5,1,3,5,4,4,2,1,4,20,2
2,3,1,2,4,4,4,1,2,2,1,3,5,4,5,5,3,2,2,1,5,3,3,2,2,4,1,1,4,4,4,2,32,2
1,3,3,2,4,5,3,2,1,1,2,3,5,2,4,4,1,1,4,2,5,5,2,1,1,4,2,5,1,5,2,2,20,1
2,1,2,1,3,2,5,5,3,3,2,2,4,2,3,3,4,3,2,2,4,4,2,2,2,3,3,3,4,4,3,2,23,2
3,1,3,2,3,5,3,3,2,1,3,2,5,3,3,3,2,1,4,2,4,4,4,4,2,3,1,4,2,5,4,3,18,1
2,3,3,2,4,5,4,3,2,3,2,4,5,2,4,3,1,3,2,2,5,3,3,1,1,3,2,4,1,4,5,1,46,1
4,4,3,2,1,1,2,4,5,3,4,1,3,2,2,4,5,4,2,4,1,4,3,1,2,4,2,3,2,5,2,2,18,1
4,4,1,1,4,4,2,3,2,3,5,5,4,3,1,1,2,2,2,3,5,1,1,3,2,4,1,4,2,5,1,3,33,1
2,4,4,3,5,4,3,4,5,4,4,2,4,4,3,3,1,4,5,2,5,4,2,4,2,4,2,4,2,5,3,3,20,1
2,3,3,3,4,5,4,2,2,3,3,1,4,3,5,4,3,4,2,1,5,3,4,1,2,3,2,3,3,5,5,2,26,2
1,5,2,2,4,5,4,2,1,4,3,1,5,4,3,4,1,4,5,2,5,2,2,2,1,4,4,3,2,5,2,3,22,2
2,5,4,3,4,4,1,2,2,4,3,3,5,3,1,1,1,4,4,1,4,3,2,2,2,3,3,3,2,4,2,2,22,1
2,4,2,5,2,4,3,4,3,4,1,3,4,1,4,3,2,4,1,4,4,4,3,4,2,4,2,5,3,4,5,4,16,2
2,4,4,1,4,4,1,4,1,4,4,4,4,3,1,1,1,4,4,4,4,2,2,2,2,4,4,4,1,4,1,2,32,1
5,1,5,1,3,5,5,5,1,5,1,5,3,5,5,3,1,5,3,5,5,5,1,5,1,5,1,3,5,5,5,5,26,1
2,4,4,3,4,5,3,2,4,5,4,3,3,5,2,3,3,3,5,2,4,3,3,2,3,4,5,4,3,5,1,3,44,1
2,3,2,3,3,3,3,2,2,3,3,3,4,2,4,4,2,2,3,2,4,3,2,1,1,2,3,1,2,4,2,2,25,2
1,3,3,3,4,4,2,3,2,3,2,3,5,5,3,3,1,2,4,2,5,3,2,2,1,3,5,5,2,5,1,2,16,1
3,2,5,2,2,3,2,2,4,2,4,1,4,2,1,4,4,2,3,1,2,2,1,1,3,2,5,3,3,3,1,3,15,2
1,3,4,3,1,5,2,3,1,3,5,5,-1,3,2,4,1,3,4,3,5,4,2,4,1,3,4,5,1,5,1,4,26,2
1,5,3,5,4,5,2,2,1,5,2,5,5,5,1,1,1,5,5,1,5,1,1,2,1,5,5,4,2,5,2,4,21,1
1,2,4,4,5,3,4,1,4,4,2,4,3,2,4,4,1,2,4,1,5,2,4,1,1,4,2,5,2,3,1,2,19,1
2,2,2,2,3,4,4,2,3,3,2,2,5,3,5,4,2,3,2,2,4,3,2,1,1,4,2,4,3,4,4,2,50,2
3,4,3,4,5,4,4,4,2,2,4,4,5,2,5,3,1,1,4,4,5,1,3,4,1,2,4,5,2,5,4,3,18,2
1,5,4,4,5,5,2,3,1,5,4,4,5,5,2,2,1,5,4,2,5,1,1,3,1,5,3,5,2,5,1,3,37,2
4,2,4,3,4,3,4,2,1,4,2,5,5,5,3,3,1,2,5,3,5,2,2,3,1,4,1,4,2,3,1,2,19,1
3,4,1,1,3,5,4,1,4,5,1,3,3,5,5,3,3,5,4,1,4,4,1,2,2,5,3,4,1,5,4,1,62,1
3,2,4,4,5,2,3,2,3,3,2,3,5,1,4,3,3,2,3,3,4,1,5,3,3,2,4,3,2,2,3,4,15,1
2,3,3,4,4,4,4,3,2,3,1,2,5,5,4,2,2,3,4,2,4,3,3,2,1,4,1,4,3,3,3,4,20,1
1,4,3,5,5,5,4,5,1,5,2,4,5,5,5,3,1,5,4,5,5,2,2,1,-1,4,2,5,5,5,2,3,22,1
2,4,3,3,4,4,3,2,4,3,2,3,4,3,5,3,2,4,3,2,4,2,3,3,2,4,5,3,3,4,3,3,45,1
2,2,3,3,3,4,4,3,4,3,2,2,4,3,5,4,4,3,3,4,4,4,2,3,1,4,1,2,3,4,4,4,19,2
2,4,2,2,3,4,5,1,4,1,1,2,4,5,5,5,2,4,1,1,4,1,4,1,2,1,1,3,3,5,5,1,35,2
4,1,3,2,1,3,1,1,4,1,1,3,2,2,4,-1,5,1,3,3,3,5,3,1,4,1,1,1,4,3,4,1,32,2
2,4,3,3,2,4,3,3,4,4,3,3,4,3,2,3,2,4,3,3,3,3,2,2,2,3,2,3,3,3,2,3,18,1
3,2,5,3,2,1,2,2,4,2,5,3,4,2,5,2,3,1,4,1,5,5,3,4,3,2,4,3,3,3,2,3,22,2
2,4,4,2,2,5,1,2,3,4,2,2,4,5,5,4,5,5,5,2,5,5,4,3,2,3,1,5,1,5,2,2,15,2
1,3,2,1,5,4,4,1,1,3,1,2,4,5,5,4,1,2,3,1,5,3,4,1,1,3,1,3,1,2,4,1,35,2
1,3,3,3,4,3,3,1,5,2,1,3,5,2,2,2,1,1,3,1,5,3,1,2,1,1,2,1,4,4,3,4,28,2
1,5,1,1,5,5,5,1,1,1,1,1,5,4,5,3,1,1,2,1,5,1,5,2,1,3,1,1,1,5,4,1,49,1
2,4,4,4,4,4,3,2,4,2,2,4,5,3,3,3,2,2,4,2,4,4,2,2,2,3,4,4,2,5,2,3,29,2
1,2,2,3,4,2,4,2,4,1,2,2,4,1,4,4,2,1,4,1,5,4,2,3,2,1,1,1,2,3,4,4,19,1
4,3,2,3,2,4,3,2,4,3,2,3,2,3,3,3,4,3,2,2,3,4,2,2,4,3,2,2,4,4,4,2,44,1
1,4,3,2,4,5,4,2,2,2,3,2,5,3,4,5,2,2,4,2,5,3,2,3,1,3,2,2,2,5,2,2,25,2
5,1,1,3,2,1,5,1,5,2,5,1,2,1,5,5,5,1,3,1,4,2,3,3,4,1,1,1,3,1,3,2,21,1
1,3,5,4,4,5,1,4,2,3,4,5,5,5,2,2,1,3,5,4,5,2,2,2,1,3,4,5,1,5,1,4,24,1
2,4,2,2,4,4,3,2,2,3,2,4,4,2,3,2,1,2,4,2,5,2,4,2,2,5,2,4,2,4,3,4,46,1
1,4,3,2,4,4,4,1,2,3,4,2,5,3,2,4,1,3,2,1,5,3,4,1,1,3,2,2,2,5,2,3,31,1
2,4,3,4,4,4,4,3,4,4,2,2,3,4,5,4,2,3,2,4,5,2,5,2,4,4,2,3,3,5,4,3,64,1
1,4,2,5,1,5,4,3,3,4,2,4,3,2,5,4,3,4,5,2,5,5,3,5,2,5,1,3,4,5,3,2,38,3
3,2,3,3,3,4,2,3,3,3,4,3,4,3,2,3,3,3,3,3,4,3,3,3,2,4,2,3,3,5,2,3,22,1
1,5,2,2,4,5,4,1,2,4,2,4,5,5,2,3,1,4,4,1,5,2,4,2,2,5,1,2,1,5,2,3,35,1
1,2,4,5,5,5,1,4,4,4,4,4,5,2,2,1,3,2,5,4,4,3,1,5,2,4,5,5,1,4,1,5,23,1
1,5,2,2,4,5,3,2,3,3,4,2,5,4,4,2,2,4,3,2,4,3,4,2,1,3,1,2,2,4,4,1,30,2
1,5,5,1,5,5,2,4,1,3,5,4,5,5,1,1,1,3,5,4,5,2,1,4,1,2,5,3,1,5,1,5,21,1
2,4,3,4,4,3,4,2,2,4,3,4,4,5,4,2,1,4,5,4,5,1,4,4,1,4,2,4,1,4,2,4,26,2
1,1,2,4,4,4,1,3,1,4,4,4,2,1,1,2,1,4,5,2,4,5,3,3,1,3,5,4,1,2,1,2,18,1
2,4,4,3,4,5,3,4,2,4,4,4,4,4,2,1,1,4,3,3,4,3,2,1,2,5,1,4,1,5,2,4,36,1
2,3,3,4,3,4,2,4,2,3,4,4,4,3,3,2,2,3,4,4,4,4,3,3,2,3,4,4,2,4,2,3,34,1
1,4,4,4,3,5,3,2,3,3,2,2,5,4,4,4,3,2,3,1,4,3,2,2,1,3,3,2,2,3,2,3,20,1
5,4,4,4,4,5,5,4,2,4,2,5,5,2,1,2,2,2,3,4,5,1,2,2,1,3,2,4,3,4,3,3,25,1
4,5,5,5,3,5,1,2,3,3,5,-1,3,5,1,1,5,4,5,4,5,1,1,1,3,3,5,3,4,5,1,3,22,1
1,2,1,1,1,4,5,1,2,1,1,1,3,1,5,5,1,1,1,1,5,5,4,1,3,1,1,1,4,5,4,1,24,2
1,4,5,2,4,4,3,4,2,4,4,5,5,5,2,2,1,4,5,4,5,2,1,2,1,5,5,4,1,4,1,4,16,1
1,4,2,3,5,5,5,1,3,5,2,1,5,5,5,5,1,4,5,1,5,3,2,2,1,5,1,3,1,4,4,1,20,1
2,4,4,3,5,5,3,2,3,4,1,2,4,5,5,4,1,5,3,2,5,4,4,3,1,4,1,3,2,5,2,4,39,0
1,4,4,1,2,5,1,1,1,5,1,3,5,5,5,5,1,5,2,1,5,2,1,1,1,3,1,1,4,5,4,1,19,2
2,3,1,2,5,4,2,1,1,3,4,1,5,2,4,4,1,3,4,2,5,5,5,4,1,4,1,5,1,4,2,3,18,2
4,4,4,4,2,5,3,3,2,1,4,5,2,2,5,2,2,2,3,4,2,4,4,2,2,2,2,3,4,2,3,3,52,1
1,4,3,2,5,5,3,3,1,4,4,3,5,4,3,4,1,3,4,2,5,2,2,2,1,5,2,4,1,5,3,3,30,2
1,4,2,2,4,5,4,3,2,3,4,5,4,4,2,2,1,3,5,3,5,3,2,1,1,5,4,3,2,5,1,3,35,1
1,3,2,1,4,5,5,1,2,3,1,3,5,5,2,1,1,3,3,1,5,1,1,2,1,4,2,5,2,5,3,3,14,1
1,2,2,2,4,2,4,3,1,1,2,4,4,1,4,2,2,1,4,2,4,5,3,2,2,2,2,4,2,1,3,3,37,2
1,3,3,4,4,4,4,3,1,3,1,3,5,5,5,3,1,3,3,2,5,2,3,3,1,5,1,2,1,4,3,4,54,2
3,3,1,2,2,4,3,3,2,4,3,4,5,5,3,3,2,2,2,2,3,4,2,2,2,3,1,1,4,5,3,3,17,2
3,3,1,2,3,4,2,1,3,3,1,2,3,3,2,4,2,2,1,2,4,3,3,1,3,4,4,2,2,5,3,2,22,1
1,4,4,3,4,5,4,5,2,4,4,5,5,2,3,2,2,4,5,4,4,1,1,2,-1,5,4,4,1,5,1,3,19,2
2,5,1,1,2,2,2,2,5,2,2,2,5,2,5,1,4,4,4,1,4,4,4,2,2,2,3,1,2,4,2,1,22,2
1,5,3,2,4,3,3,2,2,2,1,5,5,2,5,3,1,2,5,2,5,4,3,2,1,2,2,3,2,2,1,2,21,2
1,4,3,4,5,5,3,2,1,3,1,4,5,5,2,3,1,4,3,3,5,2,2,1,1,4,1,1,1,5,4,2,16,1
2,3,3,1,4,4,3,1,4,4,3,2,5,4,4,4,1,3,3,1,5,3,2,1,1,4,2,3,1,3,2,1,25,1
2,1,3,4,2,4,3,1,4,2,3,3,4,2,4,3,4,1,4,3,2,2,5,3,2,3,2,5,3,5,2,4,18,1
4,2,1,1,2,5,4,1,4,1,3,2,4,1,5,5,5,2,2,1,3,5,5,1,2,4,1,1,1,4,5,1,28,1
2,3,1,5,4,4,4,3,1,4,1,4,5,2,5,2,1,4,2,2,5,2,4,3,1,4,1,5,2,4,5,3,24,2
4,4,2,4,3,4,4,4,2,4,2,4,4,4,5,5,1,4,2,2,5,2,5,2,2,4,1,2,2,4,4,4,68,2
1,5,3,1,4,5,3,1,3,5,2,1,5,5,2,1,2,5,4,1,5,2,3,1,1,5,1,2,1,5,3,2,35,1
3,3,2,3,3,5,5,3,2,3,4,3,4,2,5,3,2,3,4,3,4,3,1,1,3,2,1,1,1,4,4,2,40,2
2,3,4,4,4,5,4,1,2,2,4,3,5,4,3,2,1,3,4,1,5,2,2,2,1,4,1,3,5,4,2,4,48,1
5,5,1,1,1,4,4,1,5,4,4,1,1,4,5,5,5,4,1,1,1,4,4,1,1,4,1,4,5,3,4,1,21,1
2,3,2,5,4,3,3,4,4,3,2,4,5,4,5,2,2,3,2,4,5,4,4,3,4,3,2,4,3,4,4,4,33,2
1,5,5,1,4,5,4,1,2,5,5,1,5,1,4,5,-1,5,5,1,5,1,3,1,1,5,1,4,1,5,4,1,26,2
1,3,1,3,4,4,5,2,3,3,2,2,5,3,5,1,1,3,2,2,5,4,5,2,1,4,1,3,1,4,4,3,19,1
1,4,1,1,5,4,5,2,4,4,2,1,5,4,5,4,1,4,1,1,5,3,5,1,1,4,1,4,1,5,5,2,19,1
2,3,1,3,4,4,5,2,2,2,1,1,5,3,4,4,1,1,3,1,5,2,4,1,1,3,1,3,1,3,4,1,22,2
1,3,5,4,5,5,3,1,2,2,5,4,5,2,1,4,1,4,5,2,5,4,1,3,1,4,1,1,1,4,1,4,16,2
3,2,1,4,4,4,3,4,2,2,3,5,4,3,2,2,2,2,4,4,4,3,2,4,2,3,2,3,4,4,3,3,60,1
2,5,3,5,3,5,1,4,3,2,5,3,5,2,2,2,2,4,5,2,4,2,3,3,2,3,2,5,3,4,1,4,23,2
5,5,3,4,4,5,3,2,3,4,4,4,5,5,2,2,1,3,5,2,4,2,1,3,1,3,2,4,3,5,2,3,15,2
2,3,2,1,3,4,4,1,3,3,3,1,4,3,5,4,3,2,2,1,4,4,4,2,2,3,1,2,2,4,4,1,39,2
2,3,1,4,3,4,5,3,4,3,1,3,3,3,5,4,2,3,1,1,4,2,5,2,2,4,1,4,2,3,5,4,43,2
1,4,5,3,5,3,4,4,2,2,3,5,5,5,3,4,1,1,2,3,5,4,2,1,1,5,4,2,1,4,4,2,19,1
3,4,3,4,1,3,2,4,5,2,2,4,3,2,2,2,3,4,2,3,3,4,3,3,3,-1,3,4,5,4,3,4,17,1
1,4,2,2,4,4,2,4,4,3,2,5,5,4,3,2,2,3,4,4,5,2,1,2,1,5,2,3,2,4,2,2,17,1
2,2,3,3,2,4,4,1,2,2,2,2,5,3,2,5,3,2,3,1,3,3,1,3,1,2,2,1,3,4,3,3,19,2
2,3,4,3,4,3,4,4,3,2,2,2,5,4,3,3,2,2,1,1,5,2,2,2,1,4,2,3,2,4,3,3,41,1
2,2,4,5,3,5,2,5,3,2,3,5,4,2,2,2,3,2,5,5,4,5,2,4,2,2,5,5,2,2,2,5,22,1
1,3,3,2,3,4,4,2,2,3,3,4,5,3,3,3,1,3,2,1,5,3,4,2,1,4,2,4,2,3,3,2,40,1
1,4,3,2,4,2,4,1,1,3,1,5,5,4,4,2,2,3,3,1,4,2,5,4,2,4,1,1,2,4,5,3,52,2
1,3,1,3,5,5,5,1,1,3,2,1,4,3,5,5,2,3,2,1,4,4,3,1,1,3,1,1,1,5,4,1,27,2
2,3,2,4,4,4,3,3,2,5,3,4,5,3,4,4,2,4,4,2,5,3,4,3,1,4,1,4,1,4,3,4,32,1
1,4,2,2,3,5,5,3,2,3,2,2,5,5,5,4,1,4,4,2,5,1,3,1,1,5,1,1,3,5,4,2,22,2
4,4,1,1,2,4,5,1,4,5,1,2,5,3,5,3,2,4,1,1,4,3,3,3,2,4,1,1,2,4,4,3,21,2
2,3,1,3,4,4,1,4,2,3,2,4,5,3,5,2,2,3,2,4,5,2,5,3,1,4,1,3,1,5,2,2,27,3
1,3,3,4,4,5,1,1,2,3,2,2,5,4,1,4,1,2,3,1,5,3,4,2,1,3,4,4,1,5,1,1,18,1
1,5,4,5,5,5,1,5,1,1,4,4,5,5,1,1,1,1,5,1,5,4,1,1,1,4,5,2,1,5,1,5,49,1
1,4,3,2,4,4,4,2,3,4,2,3,5,4,3,4,1,3,4,1,5,2,2,2,1,4,3,3,2,4,2,3,41,1
2,3,4,1,4,5,4,2,4,2,1,3,5,2,3,3,2,2,2,2,5,2,2,1,1,2,3,1,1,5,5,2,27,1
3,4,3,2,2,4,3,1,3,2,2,2,2,2,5,4,3,3,1,1,4,2,2,2,3,2,1,1,3,5,3,1,30,2
2,5,2,3,5,5,5,3,1,3,1,3,5,5,5,2,1,2,2,1,5,4,2,1,1,5,1,3,1,5,5,1,53,2
1,2,3,2,4,4,4,4,2,3,4,3,5,4,5,4,1,3,4,1,4,1,3,2,1,2,1,3,2,3,4,3,23,1
1,4,1,3,4,4,5,3,2,3,2,3,5,2,5,2,1,3,2,2,5,1,5,4,1,3,1,3,1,5,3,4,53,2
2,3,4,4,4,5,3,3,3,1,4,3,4,3,2,1,1,3,5,4,4,3,2,4,1,2,4,5,3,5,1,4,21,2
2,4,3,2,3,4,4,2,3,4,2,2,4,3,3,3,3,3,2,2,4,1,2,2,2,3,2,2,3,4,4,3,26,2
1,5,3,5,4,5,1,5,1,5,4,5,5,5,3,5,1,5,4,5,5,1,3,1,1,5,1,5,1,5,1,5,38,1
1,5,4,4,4,5,3,4,1,4,2,4,5,3,3,2,1,4,5,4,5,3,3,2,1,4,2,4,1,4,4,4,26,1
1,5,4,5,5,5,3,2,1,5,5,3,5,5,1,1,1,5,5,2,5,2,2,3,5,5,2,5,1,5,1,2,25,1
1,5,2,4,5,5,4,2,1,5,2,4,5,4,5,4,1,1,3,1,5,2,4,3,1,4,1,3,1,5,4,4,34,1
2,2,4,4,4,4,2,4,2,4,4,4,4,4,5,2,2,2,4,3,3,2,3,4,2,4,3,4,4,4,2,4,21,2
3,2,4,2,1,4,3,2,1,1,1,1,4,1,5,5,4,3,2,1,5,2,1,5,1,4,2,2,5,1,1,1,19,2
4,5,3,3,4,5,2,4,5,3,2,5,5,1,3,3,5,3,5,2,5,5,3,4,1,4,2,5,5,4,1,2,20,3
2,4,2,2,4,5,4,1,3,2,1,4,4,5,5,1,4,2,1,1,4,1,5,1,2,5,1,1,2,5,5,1,53,2
1,4,2,2,4,5,5,2,2,4,2,3,5,4,5,5,1,4,4,1,5,2,3,1,1,5,1,4,1,5,2,2,54,1
2,3,4,3,5,2,3,2,3,3,2,3,5,4,4,3,1,2,3,2,5,3,2,2,2,4,2,3,2,4,4,2,32,1
1,5,3,5,5,5,3,5,1,4,5,3,5,5,-1,1,1,5,5,3,5,3,2,4,1,5,2,5,3,5,3,3,33,1
2,4,4,4,4,4,3,3,3,4,2,3,4,3,3,2,2,3,4,3,5,3,3,2,2,4,2,4,3,4,3,4,15,1
1,3,5,4,5,3,1,3,1,3,2,4,5,1,3,1,1,3,3,2,5,2,2,5,1,5,1,4,2,1,2,5,19,1
1,3,2,2,3,4,5,2,5,4,2,2,5,4,4,4,2,4,2,2,5,2,3,2,1,4,3,4,2,3,3,2,18,2
2,2,2,4,3,3,5,2,2,4,4,4,4,3,5,2,2,2,1,2,4,4,3,4,1,3,1,1,4,3,4,2,51,2
1,3,4,4,4,5,2,4,2,3,4,3,4,2,2,2,2,3,4,2,5,3,2,3,2,4,4,5,3,4,1,3,41,1
1,4,3,3,5,5,3,3,1,3,3,3,5,5,2,3,1,4,5,3,5,2,2,2,1,5,4,2,5,5,3,2,43,2
1,4,4,4,4,5,3,4,2,2,2,4,5,3,4,2,1,2,5,3,5,4,1,3,1,3,2,5,2,3,2,4,23,2
2,3,3,3,4,5,4,2,3,2,3,3,5,4,4,4,1,3,4,1,5,1,3,2,1,3,2,3,2,5,3,3,44,1
2,4,3,3,4,5,4,3,2,3,3,2,4,3,3,3,1,2,4,3,5,2,3,2,2,4,1,2,1,3,4,3,27,1
2,4,4,2,3,4,3,2,2,3,4,2,4,5,3,4,2,4,4,2,4,4,3,2,2,4,4,3,2,4,3,2,17,1
2,1,5,1,3,4,1,2,2,1,2,4,5,2,5,3,1,2,4,2,5,5,3,1,1,1,5,2,1,2,2,1,16,1
2,4,2,2,4,3,2,3,2,3,4,3,4,4,2,2,2,3,4,2,4,1,4,1,1,3,1,4,2,2,1,3,17,2
1,3,5,3,3,4,3,2,5,3,4,3,5,4,3,3,2,4,5,2,5,3,1,3,1,4,3,5,4,4,1,4,17,2
3,3,1,1,3,5,5,1,3,1,1,1,5,1,5,5,1,5,1,1,5,5,5,1,1,1,1,1,3,5,5,1,25,1
2,3,4,3,3,3,4,-1,1,2,1,3,5,2,3,1,1,2,3,2,5,5,2,1,1,2,1,3,1,3,1,4,20,2
3,1,4,3,3,4,3,4,1,1,1,3,5,3,4,2,2,1,1,2,4,5,2,1,1,3,3,5,2,2,4,4,27,1
5,1,1,1,3,3,5,1,3,1,1,1,1,1,5,3,5,1,3,1,4,5,5,3,5,1,1,1,5,3,5,3,64,1
2,3,5,3,4,5,1,3,2,3,4,4,5,3,1,2,2,2,1,3,3,4,2,3,1,4,1,4,1,4,1,3,23,1
1,4,2,2,4,4,5,1,3,4,1,3,5,4,4,1,2,3,3,1,4,2,1,1,1,4,1,3,4,4,3,3,64,1
2,3,1,1,4,5,1,1,5,3,2,2,5,3,5,5,2,3,3,1,5,3,5,1,1,5,1,3,2,5,5,1,38,2
2,5,4,1,4,5,2,1,2,5,4,1,5,3,5,3,1,3,5,1,5,1,3,1,1,5,1,4,1,5,2,2,29,2
3,2,1,3,4,5,3,2,5,1,3,5,5,3,5,3,4,3,3,1,5,1,4,4,3,4,1,5,4,3,3,5,21,1
1,5,4,3,3,4,3,3,3,3,4,5,5,5,2,5,1,5,3,3,5,4,3,4,1,4,2,2,3,5,3,4,16,1
3,2,2,3,4,5,3,2,5,1,2,4,5,3,4,2,3,2,4,1,4,3,3,1,1,1,1,1,3,3,1,1,16,1
1,5,2,3,4,5,5,3,2,3,2,3,5,4,5,4,4,4,2,3,5,3,4,1,1,4,1,3,3,5,5,3,58,2
4,5,5,2,3,5,4,2,3,5,4,4,4,3,3,5,2,3,4,3,4,1,2,1,2,5,1,3,5,5,4,2,19,1
2,2,1,2,2,2,5,2,4,3,2,3,2,2,5,4,4,2,2,1,4,4,4,1,2,4,1,1,4,3,4,3,31,2
1,4,4,3,4,5,3,3,3,3,2,3,5,4,2,2,1,2,4,3,5,3,3,2,1,4,2,3,2,4,1,2,27,1
1,4,4,4,4,5,4,2,3,4,1,5,5,5,5,5,2,4,4,1,5,1,3,3,1,5,1,3,1,5,5,5,40,2
1,3,4,3,4,4,3,2,2,2,4,3,5,5,1,3,3,1,4,1,5,4,2,3,1,5,3,4,1,3,1,4,18,1
4,3,2,2,5,3,2,2,3,2,4,2,4,4,1,3,2,2,2,2,4,2,4,2,2,3,2,2,4,4,1,3,24,1
1,2,3,1,5,5,5,4,5,3,3,2,5,4,5,2,1,3,4,2,5,3,2,3,1,5,4,2,1,5,2,4,23,1
2,5,4,2,3,5,2,1,2,3,2,4,5,4,5,4,1,3,2,1,5,3,3,2,3,3,1,5,2,2,4,2,16,2
4,3,3,2,2,4,2,2,4,2,3,2,3,2,3,4,3,3,2,2,4,4,3,2,3,4,1,2,4,4,3,2,20,1
1,2,3,3,5,5,3,1,1,2,1,2,1,1,4,2,5,3,1,1,1,3,3,3,1,5,1,3,2,1,3,2,24,2
2,3,2,3,4,5,4,2,5,1,2,3,4,2,4,4,1,1,3,2,5,4,1,2,2,3,2,1,3,5,4,3,28,1
1,4,2,2,5,4,3,1,2,2,4,1,5,3,4,5,1,1,4,1,5,3,4,1,1,4,2,1,1,3,1,1,16,2
2,3,4,3,2,4,4,2,3,1,1,4,5,2,3,2,2,2,2,2,4,4,4,3,1,1,4,4,4,2,5,5,20,1
4,5,3,4,4,5,2,2,1,4,3,4,5,5,3,3,1,4,4,3,5,1,2,2,1,5,1,4,2,3,4,3,19,2
2,2,4,4,3,3,3,2,2,3,2,1,4,2,3,3,2,2,3,2,-1,2,3,2,2,2,1,1,2,2,4,3,18,2
1,2,3,2,4,5,3,2,5,1,4,3,4,4,2,3,2,1,4,2,5,4,2,2,2,5,3,4,1,4,2,2,22,1
4,3,1,2,4,4,5,1,2,2,2,3,4,3,2,4,2,2,1,1,4,2,5,1,2,4,4,5,2,3,4,1,18,2
4,3,1,3,3,4,3,2,-1,2,4,1,3,1,5,4,4,3,4,2,3,4,5,3,2,4,2,3,3,5,4,3,43,1
2,4,3,3,3,3,3,3,2,2,2,3,4,2,3,3,2,2,3,2,4,3,2,3,2,2,3,2,3,2,3,3,27,2
3,2,1,3,3,4,3,4,4,4,2,4,3,3,5,2,2,2,1,3,4,5,5,2,1,5,1,3,5,5,5,4,31,2
2,2,4,3,4,5,4,2,5,4,5,3,5,5,2,3,2,3,4,2,5,4,1,3,1,5,2,4,1,3,2,4,17,1
2,3,3,2,3,4,5,2,2,2,1,2,5,4,5,5,3,3,2,2,4,3,2,2,1,4,1,2,3,5,3,2,25,2
4,3,4,3,2,2,1,2,3,1,2,3,4,1,4,4,3,1,3,1,4,4,2,3,3,3,2,2,4,3,2,3,34,1
2,3,4,2,4,4,3,4,3,3,4,2,4,4,3,2,2,2,3,2,4,3,3,2,2,3,4,4,2,4,3,2,18,1
2,4,4,2,4,5,2,2,1,4,4,4,5,4,3,2,1,3,4,2,5,2,3,3,1,5,2,2,2,4,1,4,27,1
2,3,3,2,4,4,2,2,2,4,3,3,4,4,2,4,2,4,4,2,3,2,2,1,1,4,3,3,3,4,2,3,34,1
3,2,2,2,2,4,4,3,2,1,1,2,5,2,5,3,3,1,2,2,4,3,2,1,2,1,1,3,3,3,3,2,19,2
5,3,3,2,4,5,3,3,3,3,5,2,5,5,2,3,1,2,3,2,4,3,2,2,1,3,3,3,1,5,2,3,30,1
3,3,1,3,3,1,3,1,4,4,4,1,5,1,3,5,2,2,3,1,5,4,4,4,2,2,1,4,2,5,3,3,30,1
2,2,2,2,3,4,4,3,2,4,3,4,4,5,4,2,3,2,2,2,4,4,2,1,2,4,1,3,3,5,4,2,29,2
4,4,4,3,4,5,3,2,4,4,4,3,4,4,4,4,4,4,3,2,4,4,3,2,2,4,2,4,2,4,3,4,21,1
2,3,4,3,4,5,4,2,1,3,1,4,5,2,4,3,1,2,3,1,5,5,4,2,2,3,1,2,1,5,2,3,20,2
2,3,2,2,3,3,4,1,2,2,2,3,5,3,4,4,1,1,2,1,5,3,1,2,2,3,1,1,3,2,4,2,25,2
1,4,5,4,4,5,3,5,5,5,2,5,5,4,5,3,2,3,1,1,5,1,5,5,1,5,1,5,5,5,5,5,21,2
1,2,2,5,4,4,2,3,1,1,2,4,4,2,2,3,1,1,4,4,4,4,4,4,2,2,2,1,1,2,1,2,32,1
3,1,1,1,3,4,3,1,5,2,1,3,3,2,3,5,4,1,1,1,2,5,5,1,4,1,1,1,5,3,3,1,23,1
1,2,4,3,4,5,4,4,1,2,1,3,5,3,4,3,1,2,4,2,5,4,3,1,1,5,1,2,1,4,2,1,27,1
1,3,1,1,1,1,5,3,4,4,4,4,4,5,5,5,1,2,4,4,5,1,5,4,4,4,4,4,4,1,1,5,44,1
1,4,3,3,4,5,4,3,4,3,2,3,5,4,4,3,2,3,5,2,4,4,3,3,2,4,1,3,3,4,2,3,23,1
2,3,4,4,3,3,2,3,3,2,2,4,4,3,3,2,2,2,2,4,4,3,2,3,2,3,3,3,5,3,4,3,19,2
1,3,4,4,3,5,5,3,1,2,2,4,5,3,5,2,1,2,4,3,5,5,3,3,1,3,3,5,2,3,5,4,18,1
2,4,3,3,3,4,3,3,2,3,2,3,4,4,4,3,2,3,2,2,4,2,3,2,1,3,2,3,2,4,2,3,26,1
4,3,2,2,2,2,4,1,5,1,1,1,2,1,4,5,4,2,2,1,3,-1,4,2,3,4,2,1,5,5,2,1,28,1
2,3,4,4,3,4,3,2,3,2,3,3,4,3,2,4,3,2,4,2,3,3,1,2,2,4,4,3,3,4,2,3,48,1
2,2,4,3,2,5,3,4,4,2,2,4,4,2,4,2,2,2,4,4,4,3,5,2,2,4,1,4,2,4,4,3,46,1
3,3,3,3,3,4,4,4,4,3,3,4,4,3,4,2,4,3,2,3,4,4,3,3,2,5,2,4,5,5,4,4,38,1
1,3,4,2,3,5,3,3,2,3,2,4,5,4,3,3,1,2,3,2,5,3,2,1,1,5,2,4,3,5,1,3,242,1
2,4,4,2,3,4,4,4,4,4,4,4,4,4,2,4,3,5,4,2,5,4,3,4,2,4,4,4,4,5,4,4,18,2
1,5,5,3,5,5,4,2,2,4,4,1,5,4,1,3,1,3,4,1,5,1,2,1,1,4,4,4,1,4,3,5,18,1
2,1,4,2,3,1,4,2,2,2,3,3,5,3,2,4,1,2,4,2,5,5,3,2,1,2,2,2,3,2,3,3,26,2
2,4,4,5,3,5,4,4,3,4,4,4,5,4,3,2,2,2,3,3,5,2,1,3,1,4,1,4,3,5,2,4,22,1
5,4,3,1,2,3,2,1,2,1,3,2,5,3,2,1,2,1,5,1,4,5,3,1,1,2,1,4,2,4,1,1,53,2
1,5,1,2,2,5,5,2,5,5,1,2,5,5,5,4,1,5,1,1,3,1,5,1,1,5,1,1,4,5,5,1,28,2
3,3,3,3,4,5,2,3,5,2,4,2,5,3,4,4,5,1,3,1,3,5,3,2,1,5,3,2,3,5,4,2,24,1
2,3,3,4,4,4,3,3,2,2,4,4,4,4,2,2,1,2,4,3,5,4,2,1,1,4,2,4,1,3,1,3,28,1
2,3,4,3,5,5,4,3,3,2,4,4,5,3,5,3,1,2,4,3,5,3,4,2,1,5,1,4,1,3,5,3,20,1
2,5,4,3,4,5,3,4,2,4,4,5,4,4,4,2,1,4,5,4,5,1,3,4,1,5,3,5,1,5,1,4,151,1
4,4,4,2,3,3,3,3,3,2,3,3,3,4,2,3,3,2,3,3,4,2,3,2,3,4,3,3,4,5,2,3,22,1
2,5,3,2,3,5,4,2,5,4,5,1,5,4,3,4,1,4,2,1,5,4,4,4,1,4,1,2,2,5,5,4,18,1
1,4,4,4,4,4,3,4,1,4,2,5,5,5,2,2,1,3,4,2,5,2,2,2,1,4,2,4,1,4,1,3,19,1
1,5,2,2,4,5,4,4,2,4,2,4,5,5,4,4,1,4,4,2,5,2,1,3,1,5,2,4,1,5,5,4,28,1
5,3,3,1,2,5,3,1,5,4,4,1,3,5,5,5,5,3,3,1,3,4,4,1,2,4,1,1,4,4,4,1,54,2
3,2,3,1,4,4,4,2,3,2,3,2,4,2,2,4,4,2,5,2,5,4,2,2,2,2,4,3,2,2,3,2,23,2
1,4,5,3,3,5,2,3,3,5,4,3,5,4,2,2,1,3,5,3,5,3,2,2,1,4,1,2,2,3,1,2,36,2
4,2,2,1,4,2,4,3,5,1,5,1,3,2,4,3,2,1,1,1,2,3,4,1,3,2,1,4,2,4,5,1,17,1
1,4,1,2,5,5,4,2,2,2,1,2,5,3,4,4,1,2,3,2,5,2,3,3,2,3,1,2,2,3,4,2,22,2
4,2,4,4,2,4,2,3,4,3,3,3,2,2,3,3,3,3,3,3,3,4,3,3,3,3,3,3,3,3,3,3,25,1
1,3,4,3,5,5,4,3,1,3,5,3,5,3,1,2,1,3,4,2,4,5,1,1,1,3,2,1,1,5,1,4,27,1
3,2,1,2,4,4,4,2,2,1,4,4,5,2,2,3,2,1,4,4,4,5,5,2,2,2,1,2,2,-1,5,3,23,1
4,1,1,3,2,5,4,1,5,1,4,1,5,1,5,5,5,1,1,1,2,5,5,1,2,1,2,1,2,3,2,1,17,2
3,3,4,5,4,5,2,5,2,4,3,5,5,3,2,1,1,4,4,5,5,3,2,3,1,4,2,4,2,4,2,4,32,1
3,4,4,3,2,4,5,2,3,5,3,3,4,4,5,4,3,4,2,1,3,2,1,2,2,5,2,3,3,5,4,3,16,2
3,4,3,2,1,2,2,3,3,2,2,3,4,3,3,3,4,4,3,3,4,3,2,3,2,3,3,3,5,2,2,3,22,2
1,3,5,4,5,4,1,4,1,3,3,4,4,2,2,3,1,3,4,4,5,2,2,2,2,3,4,4,2,3,1,5,25,2
3,4,4,5,2,5,3,4,3,4,3,4,4,2,4,4,3,1,2,2,5,5,4,3,3,4,4,5,5,2,3,2,17,2
3,5,5,3,4,3,2,5,3,4,3,2,5,3,5,4,3,2,1,1,5,5,5,4,1,3,5,5,3,1,5,5,24,2
2,5,5,1,4,3,5,1,2,3,1,4,5,3,4,4,1,2,3,1,4,5,3,2,1,3,1,4,2,4,4,2,22,2
1,2,4,4,5,5,2,2,1,2,4,3,5,2,3,2,1,1,5,1,5,3,3,1,1,3,5,4,1,5,2,3,17,2
1,5,2,5,5,5,5,5,2,3,3,2,5,5,2,2,1,4,5,3,5,4,4,2,1,5,5,5,1,3,3,5,18,2
2,4,4,1,4,5,2,2,1,4,3,3,5,4,2,3,2,4,3,2,5,2,2,2,1,5,1,4,3,4,2,3,23,2
3,4,3,3,3,4,2,2,4,3,2,3,4,3,4,3,3,3,3,2,4,3,3,3,2,4,2,3,3,3,4,3,23,2
3,4,4,2,3,4,2,2,2,4,1,3,4,3,2,4,3,2,3,2,4,4,2,3,2,4,5,4,3,4,1,3,17,1
2,2,4,5,5,4,3,4,2,3,4,5,5,3,3,3,2,3,5,4,4,4,4,5,2,5,1,4,2,5,3,5,17,2
2,5,4,3,4,5,4,2,1,4,3,5,5,5,3,3,1,5,4,3,5,2,3,2,1,5,4,5,2,5,3,4,16,2
1,4,2,2,4,5,5,2,3,4,4,3,5,5,4,3,1,4,3,1,5,1,3,1,1,5,4,3,1,5,3,3,26,1
3,5,5,3,3,4,3,2,3,4,4,3,4,4,5,2,3,4,3,3,3,2,3,5,3,3,4,3,3,3,2,3,18,2
2,4,3,2,4,3,5,1,1,3,2,3,5,3,4,2,2,3,1,1,5,3,3,3,1,3,2,3,2,3,4,3,25,2
2,3,4,4,4,3,1,3,3,3,4,4,4,2,3,2,2,3,3,3,4,3,2,3,1,3,4,3,2,3,2,3,26,1
2,1,4,1,4,4,3,3,3,1,5,2,4,1,1,4,1,1,3,2,5,3,1,1,2,2,5,5,3,4,1,3,18,2
1,3,4,2,4,5,3,4,5,2,2,4,5,1,3,2,1,1,3,3,5,5,2,1,1,3,4,5,3,4,1,4,20,1
3,3,3,4,3,5,3,4,2,3,4,3,4,2,2,2,2,2,4,2,4,2,2,3,1,2,2,3,4,5,2,4,16,2
2,4,4,4,3,5,3,3,3,4,4,3,5,5,3,3,1,3,5,2,5,3,2,3,1,4,3,5,2,5,1,3,22,2
1,5,3,3,5,4,3,2,2,4,1,3,5,4,5,2,1,4,3,2,5,2,4,3,1,4,1,3,2,5,3,3,55,2
2,3,5,2,5,5,3,4,2,1,5,5,5,4,5,3,1,1,2,4,5,5,1,2,1,1,1,5,1,4,2,1,19,2
1,5,3,3,3,5,5,4,2,5,1,4,5,5,4,2,1,5,4,3,5,2,4,3,1,4,3,3,3,5,5,3,21,2
2,5,4,2,4,4,3,2,2,4,4,3,4,5,2,3,1,3,5,2,5,2,2,2,2,5,3,4,1,3,3,3,48,1
1,4,2,5,2,5,3,4,2,5,4,5,5,5,5,1,1,5,5,5,5,3,4,2,2,4,2,5,1,5,4,5,17,1
2,3,3,2,4,3,4,4,4,4,2,3,4,4,5,4,2,3,2,1,4,4,3,2,4,4,1,4,4,2,4,2,67,1
1,3,2,1,4,5,4,4,1,5,1,4,5,1,5,5,1,5,1,1,5,4,1,4,1,5,1,5,1,5,5,1,24,2
2,3,1,2,3,5,4,1,2,3,2,2,4,3,5,4,3,3,2,1,3,2,3,2,2,5,1,2,4,5,4,4,35,2
4,3,3,2,1,3,1,1,5,1,5,1,5,3,1,5,5,2,4,1,1,4,3,3,5,1,4,1,1,5,1,1,20,1
2,3,2,2,5,4,5,3,2,4,3,3,5,5,3,4,1,4,3,2,5,3,3,2,1,5,4,3,3,5,3,1,64,2
3,2,1,1,3,2,4,1,5,3,2,1,3,2,5,5,3,3,2,1,4,4,3,1,2,3,1,2,5,2,5,1,22,2
1,4,2,3,4,5,4,3,2,3,2,4,5,3,-1,2,1,3,3,3,5,3,3,2,1,4,2,3,1,4,3,2,47,1
1,3,1,2,4,3,4,1,2,1,1,4,5,1,5,5,3,1,1,1,5,5,2,1,1,5,4,5,2,3,5,3,40,1
5,4,4,1,4,4,3,1,5,2,1,1,2,4,5,5,2,2,2,1,4,2,2,1,4,2,3,1,1,5,3,1,22,2
3,2,4,2,3,3,4,2,4,2,2,2,3,2,2,4,2,2,2,2,5,3,2,2,2,2,2,2,2,2,2,2,17,2
1,4,3,5,5,3,4,2,2,4,3,1,5,-1,2,3,1,4,3,1,5,2,1,1,1,4,5,3,2,5,1,5,19,2
2,4,1,1,3,5,5,2,3,4,1,3,4,4,5,2,3,4,1,2,3,3,1,1,3,5,2,4,5,5,5,2,42,2
2,3,3,2,3,5,4,2,3,2,4,2,5,4,3,3,3,2,1,2,5,3,4,2,1,3,2,3,1,5,4,4,22,2
1,5,4,3,4,4,1,1,1,4,4,4,5,5,2,1,1,4,4,1,5,3,2,1,1,4,1,3,4,5,1,4,29,2
2,3,4,2,3,5,2,2,2,2,1,2,4,3,1,4,1,3,4,2,5,5,2,2,2,3,2,4,4,4,4,3,32,1
3,5,5,5,3,5,2,3,4,3,5,3,5,5,2,2,2,4,4,3,4,1,2,3,1,5,1,4,2,4,1,4,23,1
2,5,3,1,4,5,2,1,3,4,2,1,5,3,4,4,1,3,3,1,4,1,3,2,1,5,3,5,1,5,3,2,40,1
2,3,2,1,4,4,4,1,2,1,2,3,4,5,2,5,2,5,3,1,4,4,4,1,5,4,4,5,4,4,5,1,20,2
3,3,3,4,4,3,1,1,4,2,3,5,4,1,3,1,2,2,5,5,4,3,2,4,2,2,2,5,2,2,1,4,19,2
2,3,4,1,4,4,3,1,4,3,2,3,4,4,3,4,1,3,3,2,5,3,5,2,1,4,1,3,2,4,4,1,22,1
1,4,3,2,4,4,4,2,3,4,2,3,5,4,4,3,2,4,3,2,4,2,1,1,1,4,2,4,1,4,2,3,22,1
1,4,3,3,3,4,4,5,5,5,4,1,4,5,5,1,5,3,5,2,4,3,3,4,1,5,1,1,2,5,3,3,24,1
1,3,2,4,5,5,4,4,1,3,1,5,5,5,2,1,1,3,5,4,5,1,3,2,1,4,4,3,1,5,2,4,50,1
2,4,2,2,3,4,4,4,2,4,4,3,5,4,5,2,2,3,3,2,5,4,5,3,2,5,2,2,4,4,5,5,49,2
4,4,3,3,3,4,3,1,3,4,4,2,5,4,5,3,4,4,4,2,4,3,3,3,1,5,4,5,2,5,4,4,26,2
4,4,3,1,3,5,4,1,4,2,4,4,5,2,5,4,4,4,1,1,3,3,1,1,1,2,1,4,4,5,4,1,31,1
1,3,4,3,4,5,3,4,2,1,3,3,5,3,3,2,1,2,3,3,5,3,3,2,1,2,5,5,2,4,1,4,23,2
4,2,3,2,1,3,4,2,3,4,2,2,3,4,5,5,4,2,1,2,3,3,4,2,3,2,4,2,4,5,4,1,15,1
2,4,4,3,3,5,3,4,2,4,4,3,5,4,3,3,2,5,5,3,4,2,2,2,1,4,3,4,1,4,1,4,27,1
2,3,3,4,4,5,2,1,2,3,4,1,5,2,2,4,1,2,4,1,5,4,2,1,1,3,2,3,1,5,2,1,22,1
3,4,5,5,3,2,4,4,2,3,2,4,5,3,4,2,2,3,2,3,5,2,1,3,1,3,2,5,3,2,2,4,14,1
2,3,3,2,4,4,3,2,2,4,2,4,4,4,3,3,1,3,3,2,5,2,2,2,2,4,2,4,2,-1,2,4,24,2
1,3,3,4,3,3,4,4,4,3,4,1,5,3,2,4,1,3,4,4,5,4,1,2,1,3,2,4,2,2,2,3,28,1
2,2,1,4,3,5,4,1,5,3,2,5,4,2,5,4,3,1,1,1,5,3,4,5,2,4,1,4,3,3,4,1,30,1
1,4,4,3,5,5,4,2,5,5,2,4,5,4,3,2,1,4,4,5,5,2,2,1,1,4,1,5,1,4,4,2,14,2
2,3,2,2,5,4,4,2,4,3,3,5,5,4,4,3,1,3,3,2,5,1,2,2,1,4,4,2,1,2,3,4,61,1
1,4,4,2,4,5,2,2,1,2,2,2,5,4,5,1,1,3,2,1,5,2,3,2,1,4,1,3,1,5,4,3,37,1
1,4,3,4,4,5,4,3,3,3,3,2,5,4,3,3,1,3,3,2,4,3,3,3,1,3,2,2,3,5,2,2,25,1
1,4,3,4,3,5,3,3,3,3,2,5,5,3,4,2,1,3,4,4,5,3,4,4,1,4,3,3,2,4,4,5,45,1
1,4,4,4,5,5,4,3,1,5,1,3,5,5,3,4,1,4,5,2,5,3,1,2,1,5,3,5,2,5,3,3,31,1
3,4,5,4,3,5,1,4,4,2,4,2,5,5,1,2,2,1,3,2,3,4,1,5,1,5,4,1,3,4,1,4,18,1
2,3,3,3,3,4,2,2,3,2,2,2,3,4,2,3,4,2,2,2,3,4,3,3,4,4,2,2,4,2,4,2,56,1
3,3,2,2,3,3,4,3,5,1,3,4,5,1,5,4,3,2,1,2,3,4,4,3,2,1,1,2,4,3,4,3,51,1
1,2,1,1,2,2,5,1,5,1,1,1,5,3,5,5,3,2,1,1,5,5,5,1,2,1,1,2,4,1,5,1,30,2
3,2,3,4,1,3,3,3,2,1,5,3,3,1,2,4,1,1,1,3,4,5,1,3,4,2,3,4,5,4,3,4,19,1
1,4,2,3,3,4,3,3,3,4,2,2,5,3,5,2,1,3,4,2,5,2,2,2,1,5,1,4,2,4,4,2,45,1
1,4,3,5,5,5,5,4,4,1,2,5,5,3,3,1,1,1,3,1,4,4,3,5,1,4,2,1,1,4,5,5,16,1
1,3,4,3,4,5,3,4,2,1,2,3,5,4,5,2,1,2,3,2,5,3,4,2,1,3,2,2,2,5,4,4,26,2
4,3,1,1,4,4,5,2,5,2,1,1,3,2,5,5,1,3,1,1,4,3,5,3,3,3,1,1,1,4,5,5,33,1
2,4,2,4,2,1,5,1,2,3,3,4,5,4,4,4,2,3,4,2,4,2,4,5,2,4,2,4,1,3,4,3,34,2
2,5,2,2,4,5,3,2,1,2,2,4,5,4,3,2,1,4,2,2,4,2,4,2,1,4,3,2,1,4,2,4,26,1
3,2,3,2,3,3,4,2,5,2,2,3,3,3,4,4,4,2,2,1,3,4,4,2,4,3,2,2,3,4,4,2,40,2
3,2,4,5,2,5,1,2,4,4,5,4,5,2,3,4,3,2,4,4,3,5,3,5,3,2,2,5,3,1,1,4,33,1
4,1,2,2,4,3,3,3,4,2,4,1,2,1,3,5,5,1,4,2,4,5,4,1,5,2,1,2,1,5,4,1,38,2
2,2,5,1,4,2,2,1,2,1,4,3,5,2,1,4,2,1,5,1,3,4,2,3,1,2,5,3,1,5,1,1,19,1
4,1,2,2,1,2,3,2,5,2,2,2,5,1,5,5,5,2,2,2,2,2,4,2,3,2,2,4,5,2,5,1,39,1
3,2,4,2,3,3,4,2,3,3,4,2,2,4,4,4,2,3,3,4,4,2,3,2,3,4,3,3,4,4,5,4,25,2
3,4,5,5,3,5,1,5,1,1,5,4,5,1,1,1,1,1,3,3,3,1,1,4,1,4,5,4,2,5,3,5,15,1
2,4,4,3,4,4,3,2,3,3,3,3,4,4,4,3,1,2,4,2,4,2,2,2,2,4,2,4,2,4,3,2,41,1
2,4,4,3,4,5,3,2,2,5,3,2,5,4,3,2,3,4,2,2,4,4,2,1,1,5,3,5,2,5,2,2,43,2
2,4,5,5,4,2,3,4,1,2,2,5,5,3,1,2,1,2,3,4,4,2,4,1,1,5,2,3,3,5,3,3,25,1
2,3,3,3,4,3,4,2,2,2,4,3,3,2,4,2,3,2,3,2,4,3,4,2,3,2,1,3,4,4,3,2,37,1
3,4,2,2,3,4,4,2,3,1,4,1,4,3,4,4,3,2,4,1,4,2,2,1,1,3,2,1,3,4,1,2,33,2
1,4,4,3,4,5,4,2,1,3,1,3,5,2,5,4,1,3,5,2,5,5,1,1,1,3,1,5,1,3,4,4,30,2
1,4,3,3,4,4,3,3,1,5,1,3,5,5,5,3,1,3,3,2,5,2,3,2,1,3,1,3,1,4,3,2,34,2
1,2,3,3,3,5,5,2,2,1,4,2,5,1,5,4,1,1,3,1,5,3,3,4,1,2,1,4,3,3,3,2,16,1
1,5,4,4,5,5,3,5,2,5,4,4,5,5,5,3,2,5,4,3,5,2,3,2,1,5,5,5,2,5,2,4,32,2
1,4,2,2,4,5,4,2,4,4,3,2,5,4,5,5,4,4,4,2,5,3,3,3,1,4,1,3,1,4,2,3,31,2
2,1,4,5,3,4,1,5,1,1,5,5,5,1,3,1,1,1,5,1,5,4,1,5,1,3,5,5,2,5,1,1,17,1
5,3,1,3,2,4,1,1,5,4,1,5,4,2,5,2,5,2,2,1,3,2,2,2,3,2,3,2,4,5,2,1,20,2
4,1,3,2,3,3,4,1,4,1,2,2,4,2,3,4,4,1,2,1,4,4,4,3,3,1,1,3,4,4,2,1,21,1
2,4,3,4,4,4,4,3,2,4,2,3,4,3,4,4,2,4,3,2,5,3,3,2,2,4,3,3,2,4,2,2,33,1
1,3,5,3,5,3,3,1,2,5,1,5,5,5,3,5,1,3,2,1,5,5,2,1,1,5,5,5,1,3,4,3,21,1
2,2,3,1,5,4,2,4,2,1,5,1,5,3,4,5,1,5,5,1,5,1,3,1,1,4,5,1,1,5,3,1,21,2
3,4,4,2,3,5,3,2,2,2,4,1,5,4,4,2,3,3,5,2,5,1,3,1,1,5,2,2,2,4,1,3,32,1
1,2,5,2,5,3,2,4,1,3,5,4,5,4,1,4,1,2,5,4,5,4,1,1,1,3,1,1,1,3,1,3,41,1
1,4,4,4,5,5,3,3,4,4,4,4,5,3,2,2,1,3,4,2,5,3,2,3,1,4,2,2,1,4,1,3,24,1
1,3,3,2,5,4,3,4,1,4,2,4,5,5,4,1,1,4,4,4,5,1,2,1,1,4,1,2,1,4,2,5,25,1
1,3,1,1,5,5,3,1,1,2,4,1,5,4,3,5,1,2,4,1,5,3,4,1,1,4,2,2,1,5,2,1,26,1
1,4,3,2,4,5,1,1,3,3,2,3,5,4,2,3,1,2,1,1,5,2,3,1,1,2,2,3,1,4,4,3,29,2
2,2,4,4,4,3,3,4,4,2,4,4,4,2,3,3,1,1,4,3,4,3,2,2,2,4,5,5,2,3,2,4,32,2
1,2,5,2,3,5,2,1,2,4,1,4,5,5,1,2,2,4,5,2,5,4,1,4,1,4,5,5,2,5,1,5,20,1
1,1,5,4,5,5,4,4,1,5,4,5,5,5,2,1,1,4,5,4,5,1,2,3,1,5,3,5,1,5,1,5,20,1
3,1,4,3,3,5,2,1,2,2,4,1,4,5,1,4,3,2,2,1,3,5,1,1,1,1,1,3,1,5,1,1,35,1
2,2,3,3,3,4,4,3,2,3,3,3,5,3,4,3,2,2,5,3,4,3,4,2,1,3,2,2,1,3,3,3,25,1
1,4,3,3,5,5,4,1,1,3,2,2,5,5,5,3,2,2,3,2,5,3,3,1,1,4,1,5,1,5,3,1,32,1
1,2,2,3,5,4,4,2,1,1,1,4,5,1,2,4,1,1,2,4,5,4,4,2,1,3,1,3,1,4,3,5,19,1
1,5,5,1,5,5,1,1,1,5,5,5,5,5,1,5,1,5,5,1,5,1,1,1,1,5,5,5,1,5,1,1,24,1
2,5,5,2,4,5,4,1,4,4,5,4,5,4,5,4,3,5,4,2,2,3,2,2,1,4,1,4,2,5,2,2,21,1
2,4,3,2,4,4,4,2,5,3,3,2,5,5,5,5,1,3,4,1,5,4,5,2,1,3,2,3,2,4,3,2,27,1
2,3,3,2,3,2,3,1,4,1,2,2,2,1,4,4,3,1,1,2,3,4,3,2,3,1,2,2,2,3,3,2,18,2
2,3,3,2,4,5,4,3,1,4,3,3,5,5,3,3,1,4,5,2,5,3,4,-1,1,5,2,3,1,4,3,3,48,1
1,3,5,2,5,3,2,3,2,2,5,3,3,3,1,3,1,2,2,2,5,4,3,1,2,5,3,4,1,4,4,3,23,2
5,4,5,4,5,4,5,4,5,4,5,4,5,4,5,4,5,4,5,4,5,4,5,4,5,4,5,4,5,4,5,4,27,1
2,4,2,1,1,2,2,1,4,2,1,1,5,1,3,4,5,2,1,1,3,3,1,2,3,3,4,2,2,2,2,1,24,2
1,4,5,2,5,5,1,3,3,1,5,2,4,2,2,4,1,2,5,2,5,1,1,1,1,4,5,5,1,4,1,3,40,1
3,3,2,4,3,3,4,3,3,2,2,2,4,3,5,3,2,3,3,3,4,4,4,3,2,3,1,2,3,4,2,3,16,1
4,3,4,1,3,5,2,1,4,2,4,1,4,2,2,1,3,1,4,1,3,4,3,1,4,3,4,1,3,5,2,1,19,2
2,1,2,5,4,3,1,5,2,2,5,2,5,1,5,3,1,1,4,4,5,2,2,2,2,3,2,4,4,3,1,4,17,2
1,4,5,3,4,3,3,2,1,3,2,3,5,3,3,3,2,3,4,2,5,3,2,3,1,4,4,4,2,3,2,4,22,2
2,2,4,3,2,5,4,4,1,1,5,4,4,2,1,5,1,2,3,5,5,2,1,1,1,2,4,2,2,2,2,5,49,1
2,4,3,2,3,4,3,4,2,3,2,2,4,4,4,2,1,3,3,3,4,4,4,2,2,4,3,2,2,3,3,4,26,1
2,3,3,3,4,4,4,4,2,2,1,4,4,4,4,2,2,3,3,3,5,3,4,3,1,4,2,5,2,3,5,4,35,1
2,4,3,3,3,4,4,3,2,3,3,3,4,4,3,3,1,4,4,3,5,4,3,4,-1,4,3,4,3,4,3,4,19,2
2,3,3,2,4,4,3,3,3,3,2,2,3,2,3,4,3,3,4,2,4,2,3,2,2,4,2,4,1,4,3,2,39,1
3,1,2,5,2,2,5,2,2,1,4,1,4,1,4,4,5,2,2,2,2,1,4,-1,4,2,1,1,3,2,5,1,18,1
1,3,4,4,5,5,4,4,1,3,4,4,5,4,4,4,1,4,3,4,5,3,1,4,1,3,2,3,3,5,2,5,19,2
2,3,3,3,3,4,3,2,2,3,2,5,5,3,1,3,2,3,4,4,5,3,-1,3,1,4,2,2,3,3,3,3,25,1
1,3,3,3,5,5,4,4,1,5,2,2,5,5,3,1,1,5,4,2,5,2,2,3,1,5,3,4,2,5,4,4,32,2
1,4,3,4,4,5,2,3,1,5,2,3,5,4,3,3,1,4,4,2,5,2,3,3,1,5,3,3,2,5,2,3,26,2
4,1,2,1,1,4,3,3,4,2,3,2,2,1,5,4,4,2,3,1,3,4,3,3,4,4,3,3,4,5,2,2,25,2
1,4,3,4,5,5,4,4,1,2,1,4,5,2,4,3,1,2,3,3,5,3,3,2,1,4,1,4,2,4,1,4,21,2
2,4,5,5,4,5,3,4,1,4,4,5,4,2,2,2,3,2,4,3,5,4,4,5,1,4,3,5,4,3,4,5,32,1
2,3,3,3,3,4,4,2,3,3,2,2,5,4,3,3,2,3,2,2,4,4,3,4,2,3,1,2,3,3,4,4,25,2
2,4,1,1,3,4,4,2,2,1,1,3,3,1,2,3,4,2,3,2,3,4,4,3,2,4,1,1,4,4,4,4,18,2
2,3,2,3,4,4,4,1,5,4,1,3,3,3,5,5,2,4,3,1,5,2,4,1,1,4,2,3,2,4,5,4,51,1
2,5,5,3,4,5,3,4,2,4,2,4,4,5,1,3,1,4,5,4,5,4,1,2,1,5,4,5,2,4,2,5,21,2
1,5,4,3,5,5,5,1,1,3,5,4,5,4,3,5,1,2,5,1,5,4,2,1,1,4,5,4,2,5,1,2,15,2
1,5,2,2,3,4,5,1,3,4,2,1,4,3,5,5,1,3,2,1,5,1,4,1,1,4,1,2,2,4,4,1,23,1
1,2,1,4,5,5,5,1,1,2,3,2,5,3,5,3,1,2,3,2,5,4,5,3,1,5,1,2,1,5,5,3,21,2
2,3,3,3,4,5,3,3,2,3,3,3,5,3,3,2,1,3,3,3,5,3,3,2,1,3,3,5,3,5,2,3,27,1
2,3,4,3,4,4,2,-1,2,1,1,4,5,3,4,2,2,1,3,2,5,3,2,2,1,3,2,3,2,4,3,4,61,1
1,5,3,3,5,5,4,4,1,4,3,2,5,4,5,2,1,4,3,2,5,3,1,2,1,3,1,3,1,2,1,2,22,1
1,4,4,3,4,5,3,2,1,2,4,3,5,5,1,1,1,2,3,2,5,4,2,2,1,3,3,2,1,5,1,4,21,2
2,4,3,2,3,5,3,3,4,4,4,4,4,4,3,2,3,3,4,4,4,3,1,2,1,4,1,3,3,5,1,3,40,2
2,2,3,3,4,3,4,1,4,1,2,1,5,3,5,4,2,2,2,1,5,5,4,4,2,3,2,2,5,4,4,1,15,2
1,2,2,2,5,4,5,1,2,1,4,1,5,2,4,5,1,1,5,1,5,4,2,2,1,2,1,1,1,3,3,1,19,1
3,2,3,3,2,3,3,3,4,3,2,4,3,2,5,2,2,3,3,4,4,4,4,4,3,4,2,3,5,3,3,4,46,2
4,3,3,3,2,3,2,2,4,2,3,1,4,3,2,4,3,1,4,1,4,4,2,2,3,3,1,4,5,2,3,1,18,2
1,4,4,3,5,5,3,3,4,3,2,2,4,4,3,3,2,3,4,2,5,3,2,2,2,3,3,5,2,2,2,3,18,2
4,1,2,1,3,5,3,1,4,1,5,1,1,1,5,5,5,1,1,1,4,3,2,2,4,2,1,1,1,4,5,1,30,3
2,5,5,4,2,4,2,3,5,3,5,4,5,2,1,3,2,5,4,3,5,5,1,4,2,5,1,5,3,5,3,4,19,1
5,3,3,1,1,2,1,1,5,1,3,1,3,1,1,5,5,1,2,1,1,5,1,1,5,1,3,1,5,4,1,1,23,1
2,2,2,1,4,3,4,2,2,1,1,4,4,1,4,3,1,1,1,1,5,5,3,1,2,1,1,5,3,5,5,2,39,2
1,5,3,3,4,5,4,3,1,2,2,4,5,5,4,2,1,3,4,2,5,2,4,3,1,5,1,2,2,3,4,4,28,1
3,5,4,2,4,4,2,2,4,3,2,4,4,4,2,2,1,3,2,2,5,2,3,2,1,4,3,4,2,3,2,3,34,1
1,3,3,3,5,4,3,3,1,2,3,4,5,3,5,3,1,1,4,3,5,4,4,4,1,4,1,5,1,1,4,4,28,1
4,2,3,2,3,4,3,1,5,1,3,1,5,2,2,5,3,1,4,1,3,5,2,2,2,2,4,3,5,-1,-1,2,19,1
1,1,3,2,5,5,5,1,1,1,2,1,5,5,4,5,1,1,4,1,5,4,3,1,1,4,1,1,1,5,3,2,38,1
1,5,3,3,4,5,3,3,2,4,2,3,5,4,3,3,1,4,4,3,5,2,4,3,1,4,1,2,1,4,2,3,58,1
2,3,3,3,3,5,3,2,2,2,2,1,5,3,1,5,1,4,3,1,5,3,1,1,1,3,3,3,2,5,1,3,37,1
2,3,4,3,4,4,2,2,2,3,4,3,4,4,3,4,4,2,4,2,3,3,3,2,2,3,2,4,2,3,1,2,29,1
1,1,4,5,5,5,2,5,4,4,1,4,5,3,3,1,1,2,5,4,5,5,1,5,1,4,1,1,1,4,4,4,22,1
2,4,3,3,4,5,5,3,4,3,1,3,5,5,4,2,2,4,1,2,5,3,2,3,2,5,1,5,1,2,4,3,27,2
3,4,3,3,3,4,3,4,2,3,3,4,5,5,3,3,2,3,4,3,5,4,3,3,2,4,3,4,2,4,4,4,32,2
2,3,2,2,4,3,5,2,2,2,1,3,4,3,5,3,2,2,2,2,5,4,3,2,2,4,2,3,2,4,4,2,21,2
1,3,2,4,5,3,4,2,4,3,1,4,5,4,5,3,1,-1,2,2,5,2,4,2,1,5,1,3,1,3,4,2,44,2
1,3,5,1,3,4,2,2,3,4,4,3,5,1,1,2,2,1,4,1,4,1,1,2,1,3,5,3,2,5,1,3,21,2
2,3,4,4,3,3,3,4,2,3,2,5,4,3,5,2,3,3,3,3,4,2,2,3,2,2,2,4,4,4,3,4,26,1
5,3,3,4,2,3,5,3,4,1,3,2,3,1,5,4,3,1,2,1,3,3,5,5,4,1,1,1,5,3,3,5,20,2
3,2,2,4,4,4,4,3,2,3,1,3,4,3,5,2,4,2,1,2,3,3,4,5,2,2,2,2,3,4,4,3,21,2
2,1,4,4,2,3,4,4,2,1,3,4,5,2,5,2,2,1,4,4,5,5,5,1,1,2,1,1,1,2,4,3,30,1
1,3,5,4,4,5,3,2,4,2,3,4,5,3,1,3,1,1,5,2,5,5,1,1,1,3,1,3,2,5,1,3,26,1
1,4,4,3,5,4,5,2,1,3,2,2,5,4,5,2,1,4,2,2,5,1,3,4,1,4,1,4,1,5,1,3,36,2
2,4,3,1,4,4,5,3,2,3,3,3,5,2,3,4,-1,3,3,1,5,1,1,2,2,4,2,3,2,4,3,3,27,1
1,5,3,2,4,5,3,1,3,5,1,4,4,5,5,4,1,5,5,1,4,4,2,3,1,5,1,4,5,5,4,1,32,2
1,4,4,3,5,4,3,4,4,4,4,5,5,3,3,2,-1,2,5,4,5,3,3,3,1,3,3,3,1,3,2,4,17,2
2,3,2,2,4,5,2,3,1,3,2,3,5,4,3,3,1,3,-1,-1,-1,-1,-1,-1,-1,-1,-1,-1,-1,-1,-1,3,69,2
2,5,5,4,4,5,1,2,2,5,5,1,5,4,1,2,1,5,5,2,4,3,3,2,1,5,5,5,2,5,1,4,20,1
2,3,3,4,5,5,2,4,2,4,2,4,4,3,2,2,1,4,4,3,5,3,2,2,2,4,3,3,2,2,4,4,21,2
1,4,5,2,3,5,1,2,1,3,5,5,5,5,1,2,1,4,3,4,5,3,2,1,1,2,4,3,4,5,-1,3,14,1
2,2,4,2,3,4,1,2,5,4,3,2,5,2,1,2,3,3,4,2,4,1,3,2,5,2,3,4,3,4,1,2,15,2
2,4,2,1,4,2,3,1,1,4,2,1,5,3,3,5,1,2,2,1,5,4,4,1,1,4,3,4,2,4,3,1,16,1
1,5,5,3,5,5,3,5,1,5,5,2,5,5,1,1,1,5,5,5,5,1,5,3,1,5,5,5,1,5,1,5,18,2
2,4,2,3,3,3,4,3,2,2,2,4,4,3,4,2,2,2,2,2,3,2,2,3,2,4,2,4,4,4,4,3,46,2
3,2,4,4,3,4,3,5,2,2,3,4,4,2,4,2,2,2,4,4,4,4,3,4,2,2,3,4,3,2,3,4,20,2
1,3,4,5,3,5,3,5,4,3,3,4,5,5,3,1,1,3,5,1,4,1,4,5,1,3,1,5,3,5,1,5,17,1
1,2,2,1,4,3,3,2,2,2,3,3,4,1,2,3,1,2,1,1,5,4,2,2,1,1,4,2,2,3,2,2,26,1
2,5,4,2,4,5,3,1,2,2,1,4,5,5,4,3,2,2,2,1,5,2,3,2,1,4,3,5,2,4,4,3,20,2
1,3,4,3,4,3,3,3,2,2,2,3,5,4,2,2,1,3,3,2,5,2,1,3,1,3,2,4,1,2,2,4,25,1
3,4,3,3,3,3,5,4,3,2,2,1,3,2,5,3,3,2,2,3,4,4,2,2,3,4,4,3,3,3,4,3,20,1
1,4,2,2,3,5,3,2,3,2,4,2,3,2,3,4,2,1,3,1,3,2,1,1,3,2,1,4,3,3,2,2,28,1
1,2,3,4,5,4,3,3,3,2,5,5,4,4,3,3,3,4,5,1,2,3,2,2,2,3,3,2,5,2,4,4,26,1
2,4,2,2,4,5,4,2,2,5,2,3,5,4,4,3,2,4,3,2,4,3,4,1,1,4,1,2,2,4,4,2,45,2
2,4,3,2,4,4,4,2,3,3,2,3,4,4,4,4,2,4,4,1,5,2,2,2,1,3,4,2,2,4,3,1,39,2
4,3,5,3,5,4,2,2,2,2,3,1,5,4,4,4,1,2,2,3,5,2,2,1,1,1,4,4,3,3,2,1,18,1
4,4,4,3,4,4,3,1,5,2,3,1,5,4,2,3,4,3,2,1,4,5,2,4,2,3,4,3,3,4,1,1,19,1
1,3,3,3,4,4,4,4,2,3,1,2,4,4,4,2,2,3,2,2,4,3,4,4,2,4,1,4,3,4,3,3,20,2
4,5,2,3,4,4,4,1,2,3,1,3,5,4,5,4,4,3,3,1,4,2,3,4,1,4,1,3,2,4,3,2,42,2
3,2,1,4,4,5,5,4,4,1,1,5,4,1,5,3,2,1,1,4,4,4,5,3,2,2,1,4,1,4,5,4,26,2
2,5,3,4,4,5,4,2,3,2,2,3,5,4,5,4,2,5,5,1,5,4,5,3,2,4,2,4,2,5,5,3,17,1
3,2,2,5,4,3,4,2,4,1,4,5,2,1,4,1,3,2,2,3,4,5,3,5,3,1,2,5,3,5,4,5,27,2
1,3,3,3,3,3,4,1,4,3,2,3,4,3,2,3,-1,3,3,3,5,3,3,1,2,3,4,4,2,3,3,3,18,1
1,2,5,3,5,4,2,1,4,1,4,2,5,1,2,5,2,1,5,1,5,5,1,4,1,2,4,1,5,3,1,1,14,1
2,2,2,2,5,5,4,5,3,5,3,4,5,4,5,3,2,2,2,3,5,5,-1,3,2,5,1,3,2,4,2,3,61,2
1,5,5,4,3,5,3,3,3,4,2,4,5,4,1,2,1,5,5,-1,3,2,1,2,1,4,5,5,4,5,1,4,16,1
2,4,3,2,4,5,1,1,2,3,4,3,5,3,2,4,1,1,5,2,5,3,1,1,1,4,2,4,2,2,1,1,28,1
1,3,4,4,4,4,2,3,1,4,4,4,5,3,2,2,1,2,3,3,4,2,2,2,1,4,4,4,1,4,2,2,23,1
2,4,3,1,3,2,2,1,3,3,4,4,5,1,3,2,2,2,4,3,3,3,2,5,2,1,2,5,2,3,2,2,19,2
3,4,5,4,5,5,2,5,2,3,4,4,5,4,2,5,3,2,2,4,3,1,3,2,2,4,2,4,2,5,4,3,19,1
2,2,4,1,4,5,3,-1,1,1,2,5,2,1,2,2,1,1,4,3,5,4,2,2,2,5,1,1,2,5,3,3,20,2
3,2,4,2,3,3,2,1,2,2,3,2,5,2,2,1,3,2,4,1,3,5,2,1,1,4,3,5,2,-1,-1,2,31,1
1,2,3,2,4,3,4,2,2,3,2,3,4,4,5,4,2,4,3,1,5,3,4,2,2,5,3,3,2,4,3,1,29,1
3,2,3,3,3,3,4,2,3,3,2,2,3,1,5,4,3,2,2,2,4,5,4,2,2,3,2,1,3,4,4,2,18,1
2,3,2,3,4,4,3,2,2,2,4,1,5,3,2,5,2,2,4,1,5,4,2,3,1,3,2,5,2,4,2,4,16,2
1,5,2,4,4,4,4,5,1,3,4,4,4,5,5,2,2,2,2,3,4,2,4,4,1,3,1,1,2,1,4,2,19,1
2,3,2,2,3,5,3,1,1,3,3,1,3,3,5,5,1,1,4,1,5,1,2,1,1,5,1,1,2,4,1,1,25,2
1,4,3,3,4,4,3,1,3,3,2,2,5,4,3,4,1,3,1,1,4,2,3,1,1,4,3,3,1,4,2,1,31,1
2,4,3,3,5,4,2,4,1,4,2,4,5,5,2,3,1,4,4,2,5,2,4,2,1,5,2,5,1,4,3,2,16,2
2,4,2,4,3,4,5,4,2,3,4,4,3,3,5,3,5,2,3,4,4,4,2,2,2,3,2,4,3,4,2,4,28,1
2,4,3,4,5,2,4,2,4,3,3,1,5,4,5,5,1,3,3,1,5,3,4,2,1,3,3,3,2,4,5,1,16,1
2,2,3,4,2,1,4,2,5,1,3,2,3,1,1,3,2,1,1,2,4,5,2,3,2,1,1,1,4,3,2,1,27,2
4,3,2,2,4,5,4,4,3,3,2,1,5,3,3,2,3,4,4,2,5,2,1,2,1,5,1,2,3,5,1,5,35,2
2,2,3,2,3,5,1,4,2,2,1,4,5,5,2,1,1,2,4,4,5,3,2,2,1,3,2,3,4,5,4,3,22,2
1,4,4,5,5,5,3,4,2,4,2,4,5,5,4,1,1,4,3,4,5,2,3,4,1,5,4,5,2,5,3,4,29,2
2,4,4,2,4,4,3,1,5,2,2,2,5,3,4,4,1,3,2,1,5,3,3,1,2,3,1,2,3,4,3,2,14,2
1,4,1,4,4,4,5,4,2,4,4,4,4,4,5,2,1,3,4,1,5,3,1,3,2,4,1,3,2,4,3,3,62,1
4,3,1,5,3,4,4,-1,2,2,2,4,4,2,4,2,4,2,2,3,4,4,4,4,3,3,2,4,3,2,4,4,17,2
3,3,3,4,4,4,2,3,2,2,4,4,4,2,3,2,2,2,3,3,3,3,2,4,2,3,4,4,2,3,2,3,16,2
3,5,1,2,4,5,1,1,1,5,5,1,5,3,5,5,3,5,5,1,5,4,5,5,2,5,1,5,2,5,1,1,17,1
1,2,3,2,5,5,4,1,1,5,4,3,5,5,5,4,1,5,4,1,5,2,2,1,1,5,1,5,1,5,4,2,17,2
1,3,2,3,5,4,5,3,1,2,1,4,5,2,5,3,1,3,4,2,5,4,4,3,1,3,1,1,1,4,2,4,41,1
2,4,2,4,4,5,3,3,2,3,2,4,4,4,3,3,2,2,2,3,4,3,2,3,2,4,2,4,3,4,4,3,15,2
3,4,3,3,2,5,4,3,1,5,1,3,5,4,5,4,5,4,2,1,3,3,3,2,2,5,1,3,5,4,3,3,34,2
1,3,1,1,4,5,3,2,4,4,2,1,5,3,5,4,2,3,4,1,5,1,5,5,1,4,1,4,2,5,3,1,24,3
3,4,3,2,3,4,4,3,2,4,2,4,3,3,4,4,4,3,3,2,5,3,4,3,4,4,2,4,3,4,4,2,34,2
2,3,3,2,4,3,4,3,3,3,3,3,4,3,4,2,2,3,3,2,4,3,4,2,2,4,2,4,3,4,4,3,59,1
4,4,3,4,4,5,4,5,2,5,2,5,4,1,1,1,2,3,1,5,4,3,2,4,2,3,2,4,2,4,5,4,20,1
2,4,4,4,3,4,3,3,2,2,3,3,4,4,2,2,2,3,4,3,3,3,2,3,2,4,4,3,2,4,3,4,16,1
1,3,2,1,4,5,3,4,2,3,1,1,5,4,3,4,1,2,4,3,5,2,5,2,1,4,1,4,2,5,3,2,30,1
4,2,4,3,3,5,3,2,3,3,2,2,5,3,4,2,1,2,2,2,5,4,3,1,1,3,1,4,3,2,4,2,16,1
2,3,2,3,2,4,4,2,5,3,3,2,4,4,4,3,4,3,3,2,4,3,2,2,2,4,3,4,3,4,2,3,27,2
2,3,3,3,4,4,3,2,2,2,3,3,5,3,3,3,2,2,2,2,4,2,2,3,1,4,4,4,2,4,3,4,21,1
2,2,4,2,3,4,4,1,2,3,2,1,5,4,3,3,2,3,2,1,5,2,3,2,1,4,3,1,4,5,4,2,17,1
3,2,3,5,2,3,2,2,2,3,3,3,3,2,5,4,2,3,4,2,5,4,4,4,3,2,2,3,3,3,3,2,33,1
2,4,3,3,3,4,4,3,2,2,4,3,5,4,2,4,2,2,4,2,5,3,4,3,1,3,1,4,2,4,4,4,18,1
1,5,4,2,5,5,3,2,2,4,2,5,5,3,1,4,1,2,5,1,5,4,3,3,1,5,5,5,1,5,2,3,29,1
1,3,4,3,2,2,3,1,3,2,2,4,4,3,1,4,2,2,3,1,5,4,1,3,2,3,1,2,3,3,1,4,18,1
2,3,4,4,3,3,4,4,2,2,4,2,5,2,5,3,1,3,2,4,3,3,2,2,2,3,3,2,2,2,4,3,20,2
2,3,4,3,4,4,3,2,3,1,3,4,1,4,1,4,3,1,4,1,5,5,1,1,1,3,1,2,2,3,2,1,38,1
1,3,1,3,5,5,5,1,2,3,5,3,5,4,5,4,1,3,3,1,4,3,5,1,5,4,3,3,5,5,5,1,66,2
2,3,4,4,4,5,4,5,3,4,3,5,4,3,3,2,2,2,3,4,5,3,4,2,2,3,2,4,3,4,3,3,55,2
3,2,4,4,2,4,5,2,2,2,1,4,3,2,5,2,4,1,2,2,1,1,5,2,2,4,1,1,1,5,1,3,35,2
1,4,4,4,3,4,3,4,1,4,3,5,5,3,3,2,1,3,3,3,5,2,2,4,1,4,2,3,1,4,1,5,18,2
1,5,5,3,5,5,4,3,1,5,5,4,5,5,2,5,1,5,5,1,5,2,2,3,1,5,5,2,1,5,2,5,16,2
2,2,4,5,4,5,3,5,3,3,4,5,4,3,3,1,1,2,4,4,5,2,4,4,1,2,2,5,2,4,1,5,21,1
2,4,2,2,4,5,5,2,2,4,1,5,5,5,5,4,1,4,5,1,5,4,3,3,1,5,1,4,1,5,3,2,25,2
2,4,4,4,4,3,2,4,2,2,4,2,4,2,4,4,3,2,3,3,5,4,2,3,2,3,2,4,2,2,3,4,22,1
4,2,4,4,4,4,2,4,4,4,4,4,4,4,2,2,2,3,5,5,5,2,2,4,2,4,4,2,2,4,3,4,27,1
4,2,3,4,1,3,2,3,4,2,3,3,4,2,1,3,5,3,5,3,2,2,2,3,2,3,4,2,5,5,2,2,16,1
1,3,3,2,3,5,3,4,2,4,1,4,5,5,4,3,2,3,4,2,5,4,3,2,1,4,2,4,2,5,2,5,18,1
2,5,2,4,4,5,3,3,2,5,2,4,5,3,3,2,1,4,4,3,5,3,4,3,1,5,2,5,2,4,4,3,18,1
3,2,2,2,3,3,4,2,2,1,2,2,4,2,5,4,4,1,1,1,4,5,4,2,2,3,4,1,2,2,4,4,33,2
3,1,2,3,5,4,3,1,2,1,4,2,5,1,4,5,3,2,5,1,5,5,1,2,1,2,2,1,2,5,3,2,21,1
3,2,2,4,3,5,4,2,4,2,3,3,5,3,5,2,3,3,2,2,5,4,4,5,2,3,1,3,5,5,4,2,19,1
2,2,2,1,4,3,3,2,5,2,2,2,4,2,4,5,3,2,2,1,3,3,4,2,2,2,2,2,2,2,3,1,24,2
2,3,2,4,2,2,3,2,3,2,3,3,5,3,3,4,-1,2,3,1,5,5,4,2,1,2,2,3,2,4,2,2,42,2
2,5,1,1,4,4,2,3,2,4,4,4,5,4,4,3,1,3,4,3,4,2,3,3,2,5,1,2,2,5,2,2,52,2
2,5,2,2,3,5,4,1,1,4,3,3,5,4,5,4,1,4,4,1,5,3,4,1,1,5,2,2,3,4,2,1,20,1
1,1,2,3,5,3,5,2,1,2,2,3,5,2,2,2,1,2,3,2,5,5,4,3,1,3,2,3,2,3,3,3,22,2
2,3,4,3,3,5,3,3,3,2,3,4,5,2,3,3,2,2,4,3,5,2,3,4,1,3,2,1,2,5,2,4,24,1
2,2,3,1,3,2,3,2,4,3,2,2,5,2,2,2,2,3,4,3,5,3,4,3,2,3,3,2,2,4,3,2,17,1
1,4,4,1,5,5,5,1,1,4,1,2,5,5,5,5,1,4,5,1,5,3,2,1,1,5,1,1,1,5,5,1,33,1
1,5,5,5,4,4,2,4,1,3,5,4,5,5,1,2,1,3,5,4,5,1,1,3,1,5,5,5,1,4,1,4,17,1
2,3,4,4,3,5,2,4,5,3,3,5,5,5,3,2,3,1,5,3,4,5,2,4,1,3,4,5,3,5,3,4,19,2
2,4,1,1,3,5,4,1,2,4,2,2,4,3,5,3,2,4,3,1,4,3,3,2,2,4,1,3,2,5,4,2,28,2
1,5,3,3,5,5,4,2,1,2,1,1,5,5,4,2,1,1,1,1,5,2,5,3,1,3,1,1,1,5,5,5,22,1
2,2,1,2,4,5,2,1,2,4,4,4,4,3,4,4,3,4,4,2,4,3,5,3,3,5,2,2,3,5,2,3,20,2
2,2,4,4,3,5,4,3,3,2,3,2,5,4,4,3,2,1,2,2,5,2,3,2,2,4,3,3,2,5,2,3,47,1
2,4,4,2,3,4,4,2,5,3,2,4,4,4,4,4,2,3,3,2,5,2,3,3,1,5,1,4,3,4,3,4,20,2
4,4,2,4,3,2,3,2,3,4,4,3,5,2,3,3,3,3,3,2,3,3,2,2,2,-1,2,4,1,4,3,2,15,1
4,3,3,3,1,2,2,1,5,1,3,2,4,2,1,4,4,5,1,1,3,5,3,2,1,1,1,1,5,3,2,3,26,1
1,3,5,2,3,5,1,3,1,3,5,3,5,2,1,3,1,2,4,2,5,4,1,2,1,3,4,4,1,5,1,1,26,1
1,3,4,3,4,4,5,2,2,3,2,4,5,4,4,3,1,4,2,2,5,2,2,1,1,4,1,3,4,5,4,3,14,2
1,1,4,3,3,3,3,3,2,1,4,4,5,2,1,5,1,3,4,2,5,4,1,2,1,4,4,3,2,3,1,4,25,1
1,3,3,4,5,5,4,2,2,4,5,2,5,5,5,4,1,3,4,1,5,4,3,3,1,5,4,4,2,5,1,3,21,2
3,3,1,4,3,3,5,1,3,1,1,1,4,3,5,5,1,3,3,1,5,4,1,2,1,3,3,2,1,1,1,1,18,2
2,3,2,3,2,4,5,3,4,3,1,2,4,3,3,3,4,3,2,2,4,2,4,-1,2,4,4,2,4,2,4,3,35,1
3,3,5,5,5,5,1,2,2,3,5,4,5,4,2,3,2,2,4,2,5,1,3,2,1,5,4,5,1,5,1,4,23,1
1,3,2,5,4,4,3,5,4,2,1,4,5,1,5,3,1,4,5,3,5,4,3,2,1,3,4,5,3,5,4,3,18,2
2,5,1,1,4,4,4,1,2,5,5,2,5,5,2,5,1,3,4,1,5,1,1,1,2,5,2,4,1,4,1,1,24,2
2,4,3,4,5,5,3,4,2,4,3,4,5,5,3,2,1,4,4,3,5,2,2,3,1,5,3,4,2,4,2,4,23,1
5,4,5,2,4,4,3,2,3,2,3,1,5,3,5,2,1,3,4,1,5,2,3,2,1,3,1,2,1,5,2,1,35,1
2,5,4,5,3,5,3,4,2,5,2,4,5,5,1,2,1,5,2,2,5,1,1,5,1,5,1,5,5,5,5,5,21,1
1,4,4,4,4,5,3,2,4,4,4,4,5,5,4,3,2,3,2,2,4,2,4,3,2,4,2,4,3,4,5,5,20,1
1,4,4,4,4,5,4,4,3,5,4,4,5,5,3,1,1,5,4,3,5,3,1,3,1,4,4,3,3,5,2,4,18,2
3,4,4,1,3,2,2,2,3,2,4,2,4,3,2,4,3,2,4,1,4,2,4,4,3,3,2,4,2,3,2,1,19,1
4,4,3,3,3,3,4,3,4,4,2,4,3,2,3,4,3,4,2,2,4,3,3,4,3,4,2,4,4,5,3,3,24,1
1,4,4,3,4,5,3,3,1,2,3,3,5,4,2,2,1,2,3,2,5,2,2,3,1,3,4,3,1,5,2,3,41,1
2,4,5,4,3,5,1,5,2,2,5,1,5,5,5,4,1,3,4,5,4,2,5,3,1,3,1,3,5,4,2,3,17,1
2,4,5,2,5,4,1,3,2,4,4,4,5,4,1,2,2,4,5,3,5,2,2,2,1,5,4,5,2,4,1,4,19,1
1,5,4,1,1,5,4,1,1,5,2,2,5,5,2,2,1,5,5,1,5,2,2,1,1,5,4,2,1,5,2,2,27,0
1,5,4,3,4,5,4,4,2,1,2,4,5,2,4,2,2,2,5,2,5,2,3,2,1,2,4,4,2,4,2,4,14,2
2,4,4,2,3,4,3,2,2,4,2,2,4,4,3,3,1,3,3,1,4,4,3,2,1,5,3,2,4,5,4,2,20,1
1,4,4,1,5,5,4,2,1,4,2,1,5,5,5,4,1,3,4,1,5,4,5,3,1,5,1,3,1,5,4,2,48,2
5,5,5,1,1,5,5,1,1,1,1,1,5,1,5,5,5,1,1,1,1,5,1,1,1,1,1,1,5,5,1,1,17,2
2,3,3,4,5,3,4,2,2,2,1,4,5,3,3,4,1,2,1,3,5,1,3,4,1,2,2,3,2,3,3,3,23,1
1,3,3,2,3,5,2,1,1,5,3,3,5,3,1,5,1,3,4,1,5,2,2,2,1,3,4,5,2,5,2,3,18,1
2,4,4,2,4,5,4,2,2,4,2,4,5,4,5,2,4,2,2,2,4,4,2,2,1,4,4,2,2,5,4,2,2670,2
1,4,3,2,5,5,4,-1,3,4,4,2,5,5,3,3,1,4,4,2,5,2,2,2,1,4,3,3,2,4,3,3,52,1
5,2,3,4,1,3,2,1,5,2,3,2,4,2,4,5,4,4,3,1,3,4,3,3,3,3,2,1,5,3,3,1,33,1
1,3,3,4,4,5,3,2,2,3,4,2,5,4,2,2,2,3,5,2,4,5,5,3,1,3,4,5,3,5,3,3,17,2
4,4,2,2,2,2,4,2,4,2,2,2,4,2,4,4,2,2,2,2,4,2,2,2,2,2,4,2,4,2,4,4,22,2
1,2,3,3,4,5,3,2,2,2,1,5,5,2,5,2,1,1,3,1,5,5,4,2,1,3,1,5,1,5,3,4,39,2
1,5,4,2,5,5,2,3,1,5,2,3,5,5,2,2,1,4,5,2,5,1,1,2,1,5,2,2,-1,3,1,3,21,1
1,3,5,4,3,5,2,5,3,1,3,5,5,2,1,2,1,2,5,5,5,4,2,2,1,5,4,4,1,4,1,4,32,1
4,4,1,5,2,4,1,1,5,4,1,1,1,1,4,4,2,5,1,2,4,3,2,5,2,5,2,4,5,5,1,1,20,2
4,1,1,4,2,2,3,4,5,3,1,3,1,2,5,2,4,2,1,2,2,4,5,3,4,3,1,3,3,3,5,3,37,2
3,5,3,5,5,4,4,4,3,3,3,3,5,3,3,2,3,3,4,3,5,4,3,3,2,3,2,4,3,4,3,4,16,1
1,2,3,4,5,5,3,4,2,3,2,4,5,5,2,1,2,2,3,3,5,3,3,2,1,4,4,2,1,5,2,4,39,1
1,4,2,3,2,5,5,4,5,5,1,2,4,4,4,3,3,2,4,4,5,5,3,1,1,4,1,2,5,5,5,1,16,2
1,4,4,2,5,5,1,1,1,5,5,2,5,5,1,2,1,4,5,1,4,3,1,3,1,5,5,5,1,5,1,4,22,2
2,4,2,4,4,5,4,5,3,4,2,5,4,2,4,2,3,2,4,4,-1,4,1,3,2,3,3,5,3,2,2,4,23,1
3,1,2,3,3,2,3,2,4,3,2,2,3,2,5,3,3,3,4,3,4,5,4,3,2,2,4,2,3,3,2,4,22,2
3,3,5,4,4,5,2,2,2,4,4,2,5,2,2,4,2,4,4,2,4,4,-1,2,1,3,4,2,3,5,1,2,22,2
1,2,4,4,4,5,4,4,4,1,1,4,5,3,5,2,1,1,4,4,5,5,3,2,1,3,1,1,2,3,5,5,16,2
4,4,2,3,3,4,4,1,1,2,4,2,4,3,5,5,4,4,4,1,3,2,2,2,2,3,1,3,3,5,3,2,21,2
2,3,3,3,2,4,4,3,2,3,2,4,5,2,3,3,1,3,4,3,5,3,3,2,1,4,4,5,2,5,3,4,14,1
2,4,2,3,3,4,4,2,3,4,2,2,4,3,4,2,2,4,4,2,5,3,3,2,2,4,2,4,2,4,2,3,26,2
1,1,2,2,3,4,4,4,4,3,3,1,5,5,5,5,5,4,3,3,3,3,3,3,3,3,4,5,4,4,5,5,27,1
1,2,1,2,5,5,4,1,3,1,1,3,5,4,5,2,2,1,5,2,4,4,4,3,1,3,1,1,1,5,1,2,20,1
1,4,3,2,5,3,4,5,2,5,4,2,5,3,2,2,2,5,5,3,5,3,-1,2,2,5,2,4,3,5,4,3,22,2
1,4,4,3,5,4,3,2,4,2,5,3,5,1,5,4,1,1,5,1,5,1,4,5,1,3,2,4,1,4,1,2,19,1
3,4,1,2,4,5,4,1,3,1,1,3,5,2,5,3,1,3,2,1,5,4,4,2,1,1,1,1,5,5,5,1,34,2
1,3,3,2,3,5,4,2,1,2,3,4,5,4,4,4,2,2,4,1,5,4,5,4,1,5,1,4,2,4,4,2,17,1
3,2,4,2,3,4,3,1,3,1,3,1,3,2,1,2,3,3,3,1,2,3,2,5,3,2,3,4,2,5,2,2,15,2
5,3,3,1,2,2,3,1,4,1,3,1,3,2,5,5,4,2,3,1,2,4,4,1,3,1,2,3,3,4,3,1,19,1
3,4,4,1,3,5,3,1,4,2,5,1,5,4,5,5,3,4,1,1,3,4,4,2,1,5,1,4,1,5,4,3,16,1
2,5,1,4,2,1,4,2,4,1,2,2,4,1,4,4,2,2,2,2,5,1,4,2,2,1,1,1,2,2,4,1,14,1
2,1,4,1,3,5,4,4,4,1,4,1,5,3,3,5,4,1,4,2,3,4,3,3,1,2,2,2,4,5,2,1,17,2
2,4,3,4,4,5,5,5,3,3,1,4,5,4,4,3,2,2,2,2,5,4,2,3,2,3,1,3,1,5,4,4,17,2
1,4,4,2,5,4,3,2,2,5,3,3,5,2,1,3,1,4,4,2,5,1,1,4,1,5,4,4,1,5,3,1,14,2
3,2,1,2,1,2,5,4,2,1,3,3,2,1,5,3,4,1,1,3,2,5,4,2,4,2,1,1,5,2,4,3,23,1
4,3,3,4,4,3,2,3,2,2,4,2,3,1,4,3,3,2,4,3,2,1,2,4,3,2,2,2,4,3,3,2,37,1
2,3,4,2,3,3,4,2,4,2,1,2,5,3,4,4,2,2,2,2,5,3,3,1,1,3,3,3,2,3,3,3,26,1
1,5,3,3,4,4,2,3,2,4,4,3,4,3,3,2,2,4,5,3,3,3,3,4,2,4,4,5,1,3,1,3,30,1
3,1,4,2,4,4,4,2,3,2,3,2,4,2,3,4,3,2,2,2,4,2,3,4,2,3,2,1,2,3,4,1,14,1
3,3,2,3,3,4,3,4,3,4,3,2,4,3,4,3,3,3,2,4,3,3,4,5,2,3,3,2,3,3,4,5,19,2
3,3,4,3,3,4,2,2,3,3,3,3,4,4,4,2,2,4,4,1,4,3,2,1,2,4,3,4,2,4,3,1,34,1
3,4,1,1,3,4,3,1,2,1,1,1,5,2,5,5,2,1,3,1,3,1,3,1,1,2,1,1,2,2,5,1,16,1
2,3,3,4,3,4,4,2,4,3,2,3,4,2,3,3,3,2,2,2,4,4,3,4,2,3,2,2,4,4,4,2,21,2
1,2,3,5,5,5,3,2,2,2,4,3,5,4,3,3,2,2,3,2,5,3,2,5,2,4,2,2,2,3,2,4,19,2
1,4,4,3,2,4,3,2,2,2,5,3,5,3,1,5,1,3,2,1,4,4,1,2,1,4,5,4,3,4,2,1,16,1
3,1,5,1,2,4,1,1,5,1,3,1,5,1,5,5,3,1,5,1,3,5,4,3,1,1,3,5,1,3,1,1,16,2
2,4,4,4,4,4,2,4,2,3,4,4,4,5,2,2,2,4,4,4,4,2,2,5,2,4,4,4,2,4,3,5,28,1
2,5,3,5,4,5,2,5,2,5,3,5,5,5,2,5,1,5,4,5,5,5,4,5,1,5,5,5,2,5,4,5,28,1
1,3,3,3,4,4,2,3,1,3,4,5,5,3,5,2,1,4,3,3,5,4,4,3,1,3,2,3,1,1,3,4,35,1
5,5,1,5,1,5,5,5,1,1,1,1,5,5,-1,1,1,1,1,1,5,5,1,5,1,1,1,1,5,5,5,1,19,1
1,3,4,2,4,5,3,1,3,3,4,1,5,2,2,5,1,2,4,1,4,2,2,1,1,4,4,4,1,5,1,1,14,2
1,5,5,3,5,2,4,1,2,5,4,3,5,5,-1,4,1,5,5,1,5,5,1,3,1,2,5,5,1,5,4,5,18,2
1,4,3,2,4,3,4,2,2,3,3,2,5,4,4,5,1,3,2,2,5,4,2,2,1,2,1,2,2,3,2,3,22,1
1,5,5,5,4,5,4,2,2,5,1,5,5,5,5,4,1,5,4,1,5,2,1,5,1,5,1,5,4,5,3,4,20,2
2,3,2,2,4,4,3,2,5,1,2,3,5,2,4,4,2,1,4,2,4,5,5,1,1,4,1,5,3,4,2,3,21,1
2,3,2,2,3,5,4,1,4,2,1,2,4,3,5,4,2,2,4,1,4,2,2,1,2,4,2,1,2,5,2,2,45,2
1,3,4,3,5,4,5,3,1,2,2,3,5,3,5,3,2,3,3,2,5,3,1,3,2,4,1,3,3,3,4,4,22,2
3,3,2,2,2,3,5,1,3,3,4,3,5,3,3,4,3,4,4,1,4,5,5,2,1,3,1,2,3,5,5,2,26,2
2,5,5,2,2,5,1,3,2,5,2,1,4,4,5,1,1,5,3,1,5,4,2,2,1,5,5,5,1,5,3,1,32,2
1,4,5,4,4,4,5,4,4,4,4,5,5,5,2,3,1,4,4,3,5,2,1,2,1,4,3,5,3,3,4,3,15,1
2,3,2,4,3,3,4,5,2,5,1,5,5,2,5,4,2,2,3,2,5,4,3,4,2,5,1,4,3,2,3,5,22,2
3,3,3,2,4,5,5,2,4,2,2,2,5,4,3,3,2,1,2,2,4,2,2,4,1,4,1,3,-1,5,2,4,20,1
2,4,3,4,4,4,3,4,3,2,3,3,4,2,2,3,3,3,2,2,5,3,2,2,1,3,3,2,2,5,3,3,19,1
1,4,5,5,4,3,5,4,3,3,2,4,5,5,4,3,1,5,4,4,5,2,1,2,1,4,3,4,2,2,2,4,19,1
1,3,3,2,3,4,3,4,2,-1,3,3,5,2,2,2,1,3,2,2,5,4,3,2,1,2,1,4,3,3,3,3,25,2
2,2,3,3,2,4,3,2,5,1,2,2,5,1,5,4,2,1,3,1,4,4,3,2,1,1,1,4,4,2,3,4,22,2
1,3,3,3,4,4,3,4,1,3,4,1,5,4,3,4,1,2,4,1,4,2,2,2,1,4,2,4,1,5,2,1,27,2
3,3,2,2,4,4,4,2,4,3,4,2,4,3,4,4,3,2,1,1,3,3,3,3,2,4,1,2,1,4,3,3,41,1
2,5,4,1,3,3,3,2,3,3,4,1,5,4,3,3,1,3,5,1,4,4,3,2,1,3,5,4,1,4,3,1,51,2
1,3,2,1,3,5,4,1,3,3,3,2,5,4,5,1,1,3,3,1,5,3,2,2,1,5,2,3,3,5,5,3,39,1
1,3,2,1,5,5,4,2,1,3,1,1,5,2,5,5,1,3,2,1,5,3,5,1,1,4,1,1,1,5,5,1,21,2
1,4,2,4,5,5,2,4,2,4,4,4,5,4,4,4,1,4,5,2,5,2,2,2,2,4,1,4,1,2,4,3,18,1
1,3,5,2,4,5,3,2,2,3,4,4,5,3,2,2,1,3,5,2,5,-1,2,4,1,3,4,4,2,2,1,4,70,1
1,4,3,2,4,5,4,2,3,1,4,4,5,5,1,4,1,1,2,1,5,1,3,2,1,5,3,3,2,5,2,4,22,2
2,5,1,4,4,5,2,4,2,4,1,5,5,3,5,2,1,4,5,4,5,3,5,4,1,4,1,4,3,4,4,5,20,1
4,5,5,2,4,5,3,2,4,2,5,3,4,5,1,3,2,1,1,1,4,1,2,2,2,3,5,4,2,5,2,2,20,1
1,1,1,1,1,1,1,1,1,1,1,1,1,1,1,1,1,1,1,1,1,1,1,1,1,1,1,1,1,1,1,1,22,1
1,4,3,4,4,4,4,4,2,3,3,4,5,5,2,2,1,4,4,2,5,2,3,4,1,2,3,2,3,4,3,3,14,1
4,2,2,1,3,3,4,2,2,1,2,2,4,1,4,4,1,1,4,1,4,4,4,2,2,1,1,2,3,1,4,3,21,1
1,3,4,1,4,5,2,1,5,3,2,1,5,3,1,4,1,2,3,1,4,3,1,1,1,5,3,3,1,2,2,1,31,1
1,4,2,2,4,4,3,3,2,3,2,3,5,4,5,4,1,3,1,1,5,3,5,3,1,4,1,4,1,4,3,5,28,2
1,4,3,3,5,4,4,4,1,4,2,4,4,4,4,2,1,2,3,2,5,2,2,2,1,4,3,3,1,4,3,3,59,2
1,3,4,3,4,4,3,2,1,3,4,4,5,4,3,4,1,4,4,1,5,4,4,2,1,2,4,2,2,5,2,4,20,1
1,3,2,3,4,3,4,2,3,2,2,2,5,-1,-1,-1,-1,-1,-1,-1,-1,-1,-1,-1,-1,-1,-1,-1,-1,-1,-1,-1,45,1
4,2,3,3,4,3,4,4,2,2,1,4,5,2,5,2,2,2,3,4,5,5,3,4,2,3,1,4,3,3,3,4,39,1
1,2,5,5,5,5,2,4,1,5,4,4,5,5,1,1,1,4,5,1,5,1,4,1,1,5,1,5,1,5,1,4,22,2
2,1,3,2,4,4,2,3,3,1,3,2,5,1,1,2,3,1,5,2,4,5,3,3,1,1,3,2,2,4,3,3,14,2
4,2,4,2,2,4,3,2,4,2,4,2,3,2,5,4,3,2,3,2,2,5,2,3,2,2,2,4,4,4,3,2,17,1
1,5,3,2,4,5,4,2,2,4,2,2,5,5,3,4,1,3,5,1,5,4,1,4,1,5,1,5,2,4,2,4,24,1
3,2,2,4,1,5,4,3,4,3,2,2,3,2,5,5,3,2,3,1,3,5,5,4,2,3,2,5,5,5,5,3,18,2
1,4,3,3,1,4,5,4,3,1,2,5,5,2,5,2,1,1,3,3,5,1,2,4,1,3,1,2,1,5,4,3,16,1
1,2,-1,1,4,4,1,4,5,2,4,5,5,1,2,2,1,1,4,3,5,2,2,2,1,3,5,4,1,2,1,4,29,1
1,5,3,2,5,5,4,2,2,3,1,4,5,4,3,1,1,3,2,3,5,3,2,3,1,5,3,3,2,5,4,5,26,2
1,4,2,4,3,5,4,3,5,4,3,3,5,5,2,3,1,4,4,2,5,2,3,2,1,4,1,4,2,4,2,3,19,1
1,4,2,4,3,5,3,2,3,3,3,3,5,4,2,3,1,4,4,2,5,2,2,4,1,3,3,4,2,4,2,5,26,2
2,3,3,3,2,3,3,2,3,4,2,3,5,2,3,3,2,3,2,3,4,3,3,3,2,3,4,2,2,3,3,2,22,1
3,5,3,4,4,5,4,4,4,5,2,5,5,5,5,2,1,5,1,1,4,1,5,5,1,5,1,5,3,5,5,5,17,2
1,2,4,3,4,5,3,2,4,1,2,1,5,2,1,2,1,2,4,1,5,4,2,4,1,4,3,2,2,5,3,3,20,1
2,4,3,3,4,4,4,4,3,2,3,4,4,4,4,-1,1,3,3,3,4,3,2,2,1,5,1,1,2,4,2,4,42,1
1,5,5,2,3,5,3,2,4,3,2,1,4,3,2,4,1,4,3,1,5,3,2,3,1,5,4,3,2,5,1,4,23,1
3,2,1,5,2,2,5,1,5,2,1,4,4,2,5,5,4,2,2,1,3,5,5,5,2,2,1,3,5,5,5,5,22,1
2,3,2,4,4,4,3,4,3,2,2,4,4,3,3,2,2,2,3,3,5,3,2,3,2,4,2,4,3,3,2,4,35,1
2,4,2,2,3,5,4,1,3,2,4,1,5,4,4,4,2,3,3,1,5,4,4,1,1,2,1,2,4,5,1,1,22,1
1,5,3,4,4,5,4,4,2,4,4,5,5,5,5,1,1,4,5,2,5,5,3,4,1,5,2,1,2,5,3,5,27,1
2,3,4,2,3,4,3,2,3,2,4,2,5,2,3,3,1,2,5,2,3,5,2,2,1,2,1,2,2,5,3,2,17,1
1,4,2,2,5,4,4,1,1,3,2,2,5,4,3,2,1,2,3,1,5,2,3,2,1,5,1,2,1,4,1,2,30,1
1,3,5,1,4,5,4,1,3,1,1,1,5,2,3,5,1,1,1,1,4,4,2,1,1,4,5,4,3,2,3,1,21,1
2,4,1,3,3,5,5,3,4,3,1,2,5,4,5,4,4,2,1,2,5,2,3,2,1,5,1,2,4,5,3,4,22,2
5,2,4,2,4,5,3,3,4,3,2,2,2,1,4,2,4,2,4,1,3,3,5,5,4,3,3,4,1,5,3,2,15,2
2,2,3,3,5,4,5,1,1,1,4,3,5,4,3,5,1,1,2,1,5,4,3,2,1,5,2,3,1,4,2,1,15,2
2,2,3,4,4,3,5,4,4,1,2,5,5,3,5,2,3,1,4,3,3,5,3,2,1,2,3,4,2,5,4,2,37,2
1,3,5,3,2,3,2,1,4,2,5,3,5,1,2,2,1,2,5,1,5,3,2,1,1,5,4,5,2,3,2,5,32,1
2,4,4,2,4,4,4,4,2,4,2,3,5,4,2,2,1,4,4,2,4,3,2,3,1,4,2,3,2,4,2,4,28,1
2,4,1,2,4,5,3,2,3,4,2,3,4,3,5,2,2,4,3,2,5,4,3,2,2,5,1,4,3,4,4,2,53,2
2,5,3,5,4,5,5,5,2,5,1,5,5,5,5,1,1,1,1,5,5,1,1,5,1,5,1,5,3,5,5,5,17,2
1,4,2,4,4,3,4,2,3,4,3,3,5,2,4,4,2,3,3,2,5,4,3,3,2,4,2,4,3,4,2,2,17,1
1,4,1,3,3,5,4,4,3,3,2,5,5,2,5,1,2,1,2,2,4,4,4,2,1,4,1,5,2,5,4,1,28,1
1,4,3,4,3,5,2,2,2,3,2,2,5,4,4,3,1,4,5,1,5,2,3,3,1,4,1,2,2,5,3,2,29,2
2,4,2,4,3,5,4,3,2,4,2,4,5,3,5,2,2,4,3,3,4,4,3,3,1,4,1,4,2,5,3,4,19,2
1,5,3,2,5,5,4,3,1,2,2,3,5,4,4,4,1,3,3,2,5,2,3,2,1,3,2,3,1,5,3,3,21,2
3,3,4,2,2,2,2,2,2,2,2,2,3,2,3,2,3,2,2,2,4,4,3,2,3,4,2,2,3,3,3,3,31,1
2,4,1,2,1,4,1,1,5,1,5,1,5,1,5,5,1,1,5,1,5,5,3,1,1,4,4,4,4,4,5,1,24,3
1,4,4,2,5,5,4,2,4,5,3,4,5,2,5,5,1,4,3,1,5,4,2,2,1,5,3,5,1,5,2,4,16,2
4,4,4,3,4,3,3,3,3,2,4,4,5,4,2,3,2,2,2,2,4,2,2,3,1,4,1,4,3,2,1,3,14,1
1,3,3,2,4,5,3,3,2,3,2,5,5,2,4,2,1,2,3,2,5,4,3,1,1,4,3,2,2,5,4,4,48,1
3,3,2,2,5,5,4,5,2,3,5,2,5,4,3,4,1,3,3,2,5,1,3,3,1,3,3,3,2,5,5,5,35,1
-1,2,4,3,2,3,4,4,2,1,3,4,2,1,1,3,4,2,5,2,3,3,2,4,3,2,3,2,1,5,1,3,15,2
1,4,3,3,5,5,4,2,2,4,3,3,5,5,2,4,1,4,5,2,5,3,1,3,1,4,1,4,1,5,1,2,17,1
1,4,4,1,4,5,2,1,1,4,3,1,5,4,5,5,1,4,4,1,5,3,1,3,1,5,3,5,2,5,3,1,15,2
2,3,3,2,3,5,3,3,3,2,1,5,5,3,4,2,2,3,3,3,4,3,3,2,1,3,2,4,3,5,4,4,18,2
3,4,2,3,3,4,4,4,4,4,3,3,4,5,4,2,3,3,3,3,4,1,5,2,3,5,3,3,2,4,4,3,17,1
2,3,2,3,4,5,4,1,2,4,3,2,5,4,2,4,2,3,4,1,5,3,3,2,2,4,2,2,1,5,2,4,17,1
2,3,3,1,4,4,3,2,4,3,4,2,4,3,4,2,4,2,2,1,4,4,1,4,2,3,2,3,1,2,1,2,22,1
2,3,4,4,4,4,3,2,3,3,4,2,5,2,1,4,3,4,2,1,4,5,2,1,2,2,4,4,1,5,3,3,20,2
3,4,3,3,3,4,4,3,2,3,2,2,4,3,3,3,3,3,4,2,4,4,3,3,2,3,3,3,3,5,3,2,16,2
1,3,5,2,4,4,3,2,1,3,3,3,5,3,2,2,1,3,1,1,5,1,3,1,1,3,5,4,1,4,2,3,41,1
1,3,2,3,4,5,4,2,2,2,1,5,5,5,4,2,2,2,1,3,4,5,5,2,1,5,2,2,2,5,3,4,55,1
1,3,4,3,5,5,3,2,1,5,4,5,5,4,3,2,1,3,4,2,5,2,1,4,1,3,2,4,1,5,1,4,46,2
4,2,2,3,2,2,4,3,2,1,2,2,2,3,3,4,5,2,2,3,3,-1,4,1,4,3,2,5,5,3,4,3,23,2
1,5,5,4,5,5,4,5,1,4,5,4,5,5,1,1,1,4,3,4,5,2,1,3,1,5,4,5,2,5,1,4,25,1
1,4,3,2,4,4,5,1,3,3,5,3,4,5,2,5,2,3,4,1,4,2,1,1,1,4,5,5,2,5,1,1,23,2
1,2,4,3,-1,4,4,1,2,2,1,3,5,3,2,3,1,2,1,1,5,2,2,2,1,2,1,3,1,3,5,2,17,2
2,3,5,3,3,4,4,2,3,2,3,3,5,4,5,4,2,3,4,2,5,3,3,2,1,4,2,4,3,4,4,3,39,2
4,4,2,1,3,3,4,4,5,2,1,1,2,2,3,2,4,2,1,1,5,4,1,1,2,4,2,1,2,5,1,4,21,1
2,3,3,2,4,4,3,3,2,3,2,4,4,2,1,2,1,2,4,3,5,3,1,2,2,3,4,4,2,3,2,4,28,1
1,5,5,5,5,5,3,4,2,4,4,4,4,4,2,1,1,4,5,4,5,3,2,4,2,4,2,4,5,4,2,4,40,2
1,4,4,5,4,4,2,5,2,4,3,4,5,3,1,2,1,-1,3,4,5,2,2,1,1,4,1,2,1,3,1,3,16,1
1,4,3,4,3,4,3,4,1,4,2,4,5,2,3,3,1,4,2,4,5,4,4,4,1,4,2,5,3,2,4,5,25,1
3,4,2,4,3,5,2,2,3,4,4,1,5,4,4,2,2,2,2,2,4,3,2,2,2,3,3,3,3,4,3,2,20,2
3,3,5,2,3,5,3,1,2,3,3,1,5,4,3,4,2,3,2,1,5,3,2,2,1,4,1,1,3,5,3,2,26,1
2,3,4,4,5,5,4,2,3,1,1,3,5,4,5,3,3,2,1,1,5,3,4,1,1,5,1,4,1,5,5,4,20,2
2,3,3,1,3,5,4,1,2,3,2,2,4,4,5,4,1,2,3,1,5,4,3,2,1,3,3,5,2,4,3,4,25,1
4,4,1,1,2,3,4,1,5,2,1,2,3,2,4,5,4,2,1,1,3,4,3,1,3,1,1,2,1,4,5,1,16,2
2,3,4,5,4,5,2,5,1,3,3,5,5,4,4,2,1,3,2,5,5,2,3,3,1,4,2,4,2,5,3,4,18,1
3,3,2,2,3,4,4,3,3,4,1,3,5,5,2,2,1,5,4,2,5,2,4,3,1,5,1,3,3,5,5,2,29,2
1,4,4,2,4,4,3,3,1,4,4,4,4,-1,2,2,-1,3,5,4,5,1,1,2,2,4,4,4,1,4,1,3,17,1
1,3,5,5,4,5,2,3,2,3,3,2,5,4,2,3,1,3,5,2,5,3,2,3,1,3,3,1,2,4,2,3,27,1
3,4,2,4,3,5,3,4,2,4,3,4,4,4,4,2,3,4,4,4,4,4,3,3,2,4,2,4,4,4,3,3,23,2
2,5,2,3,4,4,3,4,3,4,2,2,5,5,3,3,2,4,3,2,5,4,2,3,1,4,2,4,3,5,3,2,20,1
2,3,2,5,2,5,3,1,4,4,3,2,4,4,5,5,2,4,4,1,3,4,1,4,2,5,2,2,5,5,2,3,25,1
3,4,3,2,3,5,4,3,2,4,3,3,5,3,4,4,1,2,5,4,5,3,2,1,1,4,4,1,2,3,2,2,28,2
2,4,2,2,3,4,3,4,2,2,1,4,4,1,3,1,2,2,1,4,4,2,1,2,1,1,1,3,2,4,2,3,24,1
1,4,5,4,4,5,1,3,2,4,2,3,5,3,1,5,1,4,5,4,5,4,2,4,1,4,3,5,2,4,2,4,14,1
1,3,4,5,5,3,5,2,1,1,1,5,5,2,2,2,1,2,4,2,5,2,3,2,1,2,1,5,1,4,4,4,18,1
3,2,3,3,4,4,3,1,4,2,2,2,5,2,4,5,3,2,2,1,5,5,2,3,2,2,4,5,2,4,3,3,19,1
2,1,4,4,4,5,4,1,4,2,2,2,5,1,3,4,3,1,2,1,5,4,4,1,1,1,1,1,2,4,4,1,14,1
1,5,3,1,5,5,3,2,2,4,2,2,5,5,4,4,1,5,3,1,5,1,3,1,1,5,2,3,1,5,3,1,26,2
1,2,2,1,5,4,5,3,4,1,1,2,5,1,5,3,1,1,3,2,5,3,3,1,1,1,1,3,1,2,1,3,42,1
2,2,5,2,4,5,2,4,2,5,4,2,4,2,2,4,1,3,3,2,5,5,3,3,2,3,5,4,2,4,4,3,15,1
1,3,4,3,4,5,1,3,2,3,5,3,5,4,1,3,2,3,4,2,5,4,2,2,1,4,1,2,1,5,1,3,20,1
1,5,4,2,5,4,4,4,2,4,3,4,5,4,4,4,2,3,4,3,5,2,3,3,1,4,3,3,2,4,3,3,32,2
2,4,3,3,4,4,1,2,3,4,3,2,4,4,4,5,1,4,3,1,5,3,3,2,2,4,2,3,2,3,3,2,20,1
2,4,4,1,5,4,2,2,4,2,4,2,4,3,2,4,2,2,4,2,4,3,1,4,4,3,4,3,1,2,2,1,15,1
1,5,4,5,4,5,3,3,2,4,3,2,4,4,2,2,2,4,2,3,4,2,5,4,2,4,1,3,2,4,2,4,21,1
2,4,3,3,4,4,4,3,4,3,-1,2,5,3,3,3,2,4,3,3,5,4,2,5,1,3,-1,1,4,4,2,5,19,1
1,5,4,4,5,5,4,3,1,5,5,3,5,5,2,4,1,5,5,2,5,1,3,1,1,5,2,4,1,5,1,5,17,1
2,4,2,3,5,5,3,4,3,1,2,3,5,3,5,4,1,2,4,3,5,3,3,2,1,4,1,5,4,3,4,2,28,1
2,4,4,3,4,4,2,4,2,2,2,3,3,3,2,4,4,4,3,2,4,3,2,4,2,4,2,4,2,4,3,4,50,1
1,3,3,3,5,4,2,4,1,4,2,4,5,5,3,2,1,5,4,3,5,2,2,3,1,5,1,4,2,4,1,5,22,2
2,4,3,2,5,4,2,5,1,4,1,5,5,3,3,4,1,3,2,1,5,1,3,2,1,4,1,4,1,5,5,5,29,2
1,4,5,1,5,5,1,1,1,4,5,2,5,4,1,4,1,3,5,1,4,3,1,1,1,1,4,2,1,3,1,5,24,1
1,3,4,3,4,5,5,2,3,4,2,4,5,3,2,3,1,-1,-1,-1,-1,-1,-1,-1,-1,-1,-1,-1,-1,-1,-1,-1,39,2
1,4,3,2,5,5,2,4,2,3,3,3,5,4,2,3,1,4,5,3,5,3,2,2,1,4,2,4,1,4,1,3,25,2
2,4,2,3,3,4,3,2,2,3,3,3,5,3,5,5,2,3,4,2,5,3,4,2,1,4,1,3,2,3,4,2,31,1
3,2,1,4,4,4,2,4,2,2,1,5,5,1,5,2,2,2,3,3,5,3,3,3,1,3,2,4,2,1,3,4,25,1
2,4,4,2,3,4,3,1,2,5,2,3,4,3,3,3,2,4,2,2,4,2,3,3,2,5,2,2,2,4,2,2,43,2
1,2,4,4,4,4,4,3,4,2,1,1,5,3,5,4,2,2,5,2,5,4,1,3,1,3,2,5,4,5,5,2,22,2
1,4,4,3,5,5,4,1,2,3,4,1,5,4,2,4,2,2,4,1,5,3,2,3,1,4,4,4,1,5,1,3,23,1
2,3,3,4,3,4,3,3,3,1,1,4,5,3,2,2,2,4,4,2,5,4,3,3,2,5,2,3,4,4,4,5,21,2
3,4,3,3,3,4,4,3,3,3,3,4,4,4,3,3,2,3,3,3,4,2,2,2,2,4,2,4,3,3,3,3,21,1
1,4,2,1,4,5,5,1,5,5,3,4,5,5,5,1,1,4,5,1,3,5,5,1,1,5,2,5,1,5,5,2,18,2
4,2,4,3,1,2,5,2,5,2,2,1,1,1,5,5,5,1,1,1,3,3,4,3,5,1,1,1,2,2,4,1,16,2
2,1,2,1,3,2,3,1,2,1,4,4,3,1,5,3,1,2,2,1,5,5,4,2,2,1,3,1,2,2,4,1,40,2
2,4,2,2,3,5,3,2,3,4,3,2,4,3,4,2,1,3,4,1,5,3,4,2,2,5,4,3,4,4,3,2,20,2
2,4,3,3,3,4,2,1,1,5,2,2,5,3,4,2,1,4,2,1,5,2,4,2,1,5,1,2,2,5,2,4,21,3
2,5,2,2,4,4,5,1,3,3,1,3,5,4,5,4,1,4,3,1,5,2,1,3,1,5,2,2,2,3,4,3,33,2
1,4,5,3,4,5,1,2,2,4,2,3,5,3,2,3,1,3,4,1,5,4,1,4,1,4,5,5,2,4,1,3,20,1
2,4,3,4,3,5,4,5,2,5,3,3,5,5,5,2,2,5,5,4,5,3,4,3,1,5,4,5,5,5,2,5,15,2
1,4,1,4,3,4,3,4,3,4,2,4,5,3,5,3,2,3,4,1,5,1,2,2,1,3,1,4,3,4,2,4,24,1
1,3,3,2,5,4,4,2,4,3,3,3,5,3,5,4,1,3,3,1,5,4,5,2,1,4,1,5,1,4,3,3,18,2
2,5,5,4,4,5,2,4,2,5,2,3,5,5,4,4,1,5,5,2,5,4,2,1,1,5,2,5,1,5,2,4,18,2
1,4,4,5,4,5,4,5,1,4,1,4,5,3,4,2,1,4,3,4,5,4,3,3,1,5,1,5,3,5,5,3,29,1
2,4,2,3,4,4,3,3,2,4,3,3,4,4,4,2,2,4,3,3,4,3,3,3,1,4,2,4,2,3,2,3,40,2
1,3,3,4,5,5,4,3,1,2,2,3,5,4,2,2,2,2,4,3,5,3,4,4,1,3,3,3,1,5,2,4,33,2
2,4,5,3,4,5,3,4,2,5,2,3,5,4,4,3,2,4,4,3,5,2,3,4,1,5,3,5,1,5,3,4,20,2
2,3,2,3,3,4,4,3,3,3,3,4,5,4,4,3,2,4,3,3,5,3,2,2,1,4,2,4,3,4,4,3,20,1
2,3,1,3,3,3,4,3,1,3,2,5,4,1,5,3,2,2,2,3,5,5,5,3,2,2,1,1,3,3,4,2,15,1
1,5,5,4,5,5,3,2,1,4,4,3,5,4,3,4,1,3,5,1,5,1,2,3,1,4,2,5,1,5,1,5,15,0
2,5,3,4,2,3,5,2,3,2,4,4,5,2,5,3,3,2,2,2,4,4,4,1,2,2,1,4,5,4,5,4,19,1
1,3,3,1,5,5,4,2,2,2,4,2,5,3,3,4,1,1,4,1,5,3,2,1,1,4,3,2,1,4,2,1,16,2
1,4,5,3,5,5,2,2,1,4,5,3,5,5,3,2,1,4,5,3,5,1,1,3,1,5,2,5,1,5,1,4,15,0
2,4,2,4,4,4,4,4,4,4,2,2,4,5,4,4,2,4,4,2,5,2,4,2,2,4,2,2,2,4,4,2,15,2
3,3,2,3,3,3,5,3,3,2,2,2,5,5,5,4,1,2,2,2,5,4,3,2,1,2,1,1,1,3,3,3,40,1
3,2,3,3,2,4,2,3,4,2,2,2,4,3,4,4,4,2,4,2,3,4,3,1,3,4,2,4,4,5,3,2,19,3
1,1,5,3,4,4,4,5,2,3,1,5,5,5,4,1,5,3,1,4,5,4,1,2,1,4,1,4,1,5,5,2,49,2
1,3,2,2,5,5,2,1,4,3,5,1,5,3,4,5,1,2,4,1,5,4,4,2,1,2,2,1,2,4,4,1,15,1
2,2,3,3,2,4,3,1,5,3,3,3,5,3,3,3,2,4,3,1,5,4,2,3,2,4,1,3,3,3,4,1,18,1
1,4,5,3,4,5,5,1,2,4,2,1,5,5,5,5,1,4,3,1,5,1,4,2,1,3,1,5,1,5,2,1,19,2
1,4,4,2,3,5,4,2,2,4,4,2,5,5,3,3,1,3,5,2,5,1,2,1,1,5,2,3,2,3,1,2,26,1
2,3,3,1,4,4,3,1,1,4,2,1,5,3,5,4,2,3,2,1,3,3,4,3,1,4,2,1,2,4,3,1,40,2
5,5,4,4,5,5,5,2,3,3,3,4,5,5,5,5,3,3,5,2,5,4,3,2,1,5,2,5,3,5,3,3,18,2
2,3,2,3,3,3,4,2,3,2,3,3,3,2,4,3,3,2,2,2,3,3,4,3,2,3,1,2,3,3,4,2,33,2
1,4,2,2,4,5,4,4,1,3,2,4,5,2,3,4,3,3,2,2,5,4,3,5,1,3,1,5,3,5,3,3,15,2
1,3,5,2,5,4,3,4,1,4,2,3,5,4,2,1,1,4,3,4,5,2,2,2,1,4,3,5,1,4,2,3,32,1
1,4,2,1,2,5,1,1,5,2,4,1,5,3,2,5,3,4,4,1,4,2,1,2,1,4,3,4,4,5,1,2,29,2
3,4,2,5,1,4,3,4,3,5,3,4,4,2,5,3,3,5,4,4,3,4,2,3,2,-1,1,4,4,5,4,5,16,2
2,5,2,3,3,4,4,3,3,3,2,4,5,4,5,3,2,2,1,2,4,2,2,2,2,4,2,4,4,4,5,4,19,2
2,4,4,2,3,5,4,2,4,3,1,3,4,4,4,4,2,2,1,1,4,3,3,2,2,5,1,2,4,5,2,3,26,2
2,4,2,4,4,4,5,2,1,2,2,4,4,2,5,4,2,1,4,1,4,2,5,4,2,2,1,4,3,5,4,3,17,2
2,3,3,2,2,3,4,2,4,3,2,3,3,2,4,4,3,1,2,2,5,4,3,2,2,3,1,2,3,2,3,2,20,1
5,5,5,1,3,5,3,2,1,1,5,3,5,3,5,3,1,3,5,1,5,4,5,2,1,5,5,5,2,3,5,2,15,2
2,3,4,4,3,2,4,4,2,1,1,4,4,2,5,2,3,2,3,3,5,5,4,2,2,3,2,3,1,2,3,4,54,2
2,5,4,2,4,5,4,4,3,4,2,4,5,3,3,2,1,4,5,2,5,2,2,2,1,4,3,4,2,4,3,3,17,1
5,5,1,3,5,5,5,5,1,3,5,3,5,3,5,3,1,4,3,1,5,4,1,3,1,2,1,4,2,5,2,3,23,2
3,3,4,2,3,4,3,2,4,3,3,3,3,4,3,4,4,4,2,1,3,2,3,2,3,3,2,4,3,5,2,2,23,1
3,3,2,4,3,4,3,3,2,4,1,3,5,3,4,4,2,3,4,2,5,4,4,2,2,5,2,3,4,3,4,3,19,1
3,4,2,3,3,4,3,4,2,3,2,3,5,2,2,2,2,4,4,4,4,3,4,2,2,5,2,4,1,4,3,4,23,1
1,3,2,3,3,4,5,2,2,3,2,4,5,4,5,3,1,2,1,1,5,4,3,2,1,5,1,5,3,2,4,3,17,2
1,3,1,2,5,4,5,3,3,1,1,5,3,3,5,5,1,2,3,1,5,1,3,1,1,4,1,4,4,5,5,1,55,1
1,5,4,5,5,5,1,4,1,4,5,5,5,1,1,1,5,2,5,5,5,5,4,5,1,5,5,5,1,2,1,3,31,1
1,4,2,5,5,5,1,4,2,1,5,5,5,5,5,1,1,5,5,4,4,2,5,5,1,4,2,5,1,5,4,4,22,1
3,2,3,1,2,3,4,1,4,2,4,2,4,2,3,4,4,2,4,1,3,4,1,1,2,3,2,3,2,4,3,1,21,2
1,5,5,3,4,4,3,3,3,5,2,2,5,5,4,3,2,5,4,3,5,4,2,2,2,3,1,4,2,5,3,3,22,2
1,5,5,5,4,5,2,3,2,5,2,4,5,5,1,3,1,3,5,5,5,1,1,3,1,5,4,5,2,5,1,4,18,2
3,2,3,2,4,5,3,2,3,3,1,4,4,4,3,2,2,2,4,2,4,4,4,2,2,3,2,2,4,5,4,2,24,1
2,4,3,3,3,3,4,2,3,2,3,2,5,2,3,4,2,2,2,2,4,4,3,3,1,3,2,2,2,3,3,2,18,1
1,4,2,3,3,4,3,1,2,4,1,4,5,4,4,2,-1,4,1,1,5,2,3,1,1,4,1,4,2,4,4,2,57,2
1,4,5,2,4,5,3,1,2,5,2,1,5,3,2,4,1,4,5,1,5,1,2,1,1,5,3,4,1,4,1,1,15,2
2,3,2,2,4,5,3,4,1,4,5,5,4,2,2,2,2,2,4,4,1,5,3,3,2,3,5,3,4,5,1,4,45,1
2,4,2,2,5,4,3,3,4,4,4,5,5,4,4,3,1,4,5,3,5,4,2,2,1,5,4,4,5,4,3,4,57,1
1,4,4,1,5,5,1,4,2,3,4,2,5,4,5,5,1,2,5,1,5,4,1,5,1,4,5,5,1,2,5,1,15,2
2,4,3,2,4,5,3,2,4,2,4,3,5,3,2,4,2,1,4,1,4,4,4,2,1,4,3,5,2,5,2,1,17,1
4,5,2,5,3,4,3,1,2,4,5,4,3,5,5,3,4,5,4,3,4,4,3,5,3,5,1,1,3,5,4,2,18,1
1,5,4,1,5,4,3,5,2,5,5,5,5,5,2,1,1,4,5,5,5,1,3,2,1,5,4,4,1,4,4,5,15,1
3,2,2,3,2,2,3,3,2,1,3,3,3,1,2,3,4,2,2,3,3,4,3,3,3,3,2,4,4,3,3,3,20,1
1,3,5,4,5,5,2,4,2,1,2,4,5,2,4,1,1,1,5,5,5,5,2,5,1,2,1,5,3,5,3,4,16,2
1,2,4,2,4,4,4,2,2,1,1,3,5,4,5,4,2,1,3,1,4,4,2,2,1,3,1,5,2,3,3,2,17,2
4,3,2,2,3,4,3,4,3,1,2,2,5,2,4,3,2,1,2,3,5,2,4,3,1,2,4,5,5,5,5,2,16,2
1,4,3,4,4,5,3,3,2,4,3,5,5,5,4,2,1,4,4,4,5,3,4,4,1,4,3,3,2,5,1,4,16,1
2,1,5,3,3,2,4,4,1,2,4,2,5,1,1,1,3,1,4,4,3,3,1,5,5,3,3,4,5,3,1,3,16,1
3,5,2,4,4,5,5,3,2,4,2,3,5,5,5,3,3,4,5,2,5,2,4,2,2,5,3,4,3,5,5,3,16,1
1,5,2,4,3,5,3,1,2,1,2,5,5,2,5,3,2,2,3,1,5,3,4,2,1,4,2,5,4,5,1,2,16,2
1,4,4,3,5,3,2,2,3,-1,4,5,5,4,5,4,2,1,5,4,5,4,3,2,1,-1,2,4,3,4,2,3,18,1
1,3,4,4,3,4,2,3,2,1,2,4,4,2,2,2,1,1,4,3,4,4,1,2,1,3,4,3,1,4,1,4,20,1
3,2,3,2,4,4,3,3,4,3,2,4,4,4,5,2,2,2,4,4,5,4,4,2,2,4,2,5,4,4,4,4,47,1
2,4,3,2,5,5,5,3,1,3,3,2,5,3,3,-1,-1,-1,2,-1,5,1,3,1,1,5,5,3,1,5,3,4,19,2
5,2,2,1,4,2,3,4,2,2,2,4,5,2,5,4,5,1,2,1,2,2,4,2,2,2,3,2,2,4,3,3,17,1
1,4,3,4,5,5,2,5,2,3,4,5,5,5,3,2,1,3,5,5,5,3,3,5,1,4,2,2,1,5,2,5,16,1
2,4,5,5,4,5,4,4,1,4,2,4,5,4,1,3,1,4,5,2,5,2,1,4,1,4,4,5,1,4,1,4,20,1
1,3,2,4,5,4,5,2,3,3,1,4,5,2,4,4,1,2,2,2,5,2,2,3,1,4,1,4,3,1,4,3,17,1
2,1,2,3,4,4,5,1,2,2,1,2,4,2,3,4,1,1,2,2,5,3,4,2,1,2,1,1,1,4,5,2,18,2
2,4,3,5,5,4,3,4,2,4,2,5,4,1,2,2,1,3,5,4,5,4,4,4,1,3,1,4,2,4,4,5,16,1
1,3,3,3,4,5,3,2,2,3,2,3,5,5,4,3,1,4,4,1,5,1,4,3,1,4,1,4,1,5,4,2,17,2
2,4,3,3,4,5,3,4,3,3,3,4,4,3,3,4,3,3,3,3,3,4,4,2,3,4,3,4,2,4,4,3,30,1
1,2,4,2,4,3,2,2,1,3,4,4,5,3,1,3,1,3,4,2,4,4,1,1,1,4,5,4,1,1,1,4,24,1
1,3,4,3,4,5,1,3,4,3,4,3,5,4,4,4,1,3,5,3,5,3,2,2,1,5,2,3,2,3,1,3,17,1
2,2,3,3,4,3,4,2,2,3,1,3,5,4,2,2,2,2,2,2,5,3,2,3,1,3,2,2,2,3,4,4,31,1
1,1,5,5,5,5,5,5,1,5,1,1,5,5,5,5,1,1,5,1,5,3,5,5,1,5,1,5,1,5,3,5,19,2
4,2,3,4,2,3,3,3,5,3,2,4,2,3,4,3,4,3,3,2,2,3,1,4,4,4,2,2,5,4,3,3,32,1
1,3,5,3,5,5,4,3,2,1,5,2,5,1,4,2,1,1,5,2,5,2,2,1,1,1,1,4,1,1,2,2,19,1
2,2,4,5,5,5,2,4,4,4,4,5,4,4,4,1,1,1,2,2,4,2,1,3,4,4,4,4,3,4,1,4,15,1
1,1,5,2,3,4,3,1,3,1,4,4,4,3,2,4,1,1,5,1,4,5,2,3,2,3,4,3,2,4,1,1,22,2
1,5,4,4,4,5,5,3,2,4,2,2,5,5,4,4,1,4,3,1,4,1,3,2,1,5,1,5,3,5,3,2,21,2
2,4,5,3,4,4,4,5,1,4,4,4,5,5,5,2,1,5,4,5,5,2,3,5,1,4,3,4,1,4,1,4,22,2
3,2,4,3,4,3,4,3,2,2,3,4,4,3,3,2,2,2,3,2,4,4,3,2,2,2,2,2,2,2,3,4,35,2
3,4,3,3,4,4,3,3,1,1,4,2,5,4,3,4,4,1,3,1,4,4,3,2,2,3,1,5,3,4,4,2,23,1
3,2,1,1,3,4,4,1,4,2,2,1,4,3,5,5,2,3,3,1,4,4,4,1,2,4,1,1,3,4,3,1,41,2
4,3,2,3,1,2,3,3,2,2,4,4,4,1,5,2,4,1,2,3,4,1,4,2,2,2,1,2,3,3,2,2,48,2
3,2,4,2,1,4,4,2,1,2,2,2,2,2,5,3,3,1,2,3,4,4,3,2,3,3,1,1,4,4,4,3,21,2
3,4,4,3,2,5,3,1,5,4,1,3,4,5,5,5,5,4,3,1,4,4,1,1,2,4,1,4,5,4,4,1,19,2
1,3,4,3,4,5,4,2,2,3,4,2,4,3,2,4,1,4,4,2,5,2,2,2,1,4,4,4,1,4,1,4,20,1
2,4,3,3,4,5,3,3,2,4,2,4,5,5,3,3,2,4,4,3,5,4,2,4,1,4,4,5,2,5,2,4,19,1
3,2,1,2,2,5,2,2,2,1,4,2,4,2,1,1,2,1,5,2,4,1,3,3,2,1,1,4,4,4,2,2,21,2
1,4,1,3,4,5,4,1,1,4,1,2,5,5,5,5,1,4,2,1,5,3,4,2,1,4,1,3,4,5,4,2,22,2
1,5,3,5,3,1,3,5,2,4,2,2,3,3,2,3,4,3,4,2,4,2,2,3,2,4,1,4,3,4,2,5,35,1
2,3,1,2,3,5,2,1,3,3,2,3,5,3,5,4,2,2,3,2,4,4,2,1,2,2,4,2,2,5,1,3,19,1
1,4,3,2,5,3,4,1,1,3,3,2,5,5,2,3,1,4,2,1,5,2,1,1,1,3,1,1,1,4,1,4,25,1
2,5,3,3,4,3,4,2,2,2,2,2,5,5,5,3,1,2,2,2,5,3,2,3,1,4,3,5,2,4,4,4,23,2
2,3,2,2,4,3,4,2,1,3,2,4,5,4,4,3,1,3,3,2,5,3,3,3,1,5,3,4,1,2,3,4,37,2
3,3,3,4,1,5,3,2,3,1,1,2,4,1,4,3,2,1,2,1,4,5,4,3,3,1,2,1,5,5,1,4,20,2
1,4,1,1,4,4,4,2,2,2,4,1,4,2,3,4,2,3,4,1,4,2,5,3,1,1,3,5,1,5,3,1,22,2
2,4,1,1,4,4,4,4,4,4,1,3,5,3,2,4,2,3,1,1,4,3,5,1,2,4,2,1,2,4,5,1,22,2
5,1,3,2,3,2,4,1,2,1,1,1,5,4,2,1,2,1,4,1,5,1,1,1,1,1,2,5,3,4,4,4,16,2
2,5,2,1,4,5,4,1,2,4,2,1,5,5,5,5,1,5,1,1,5,1,3,1,1,5,1,5,1,5,4,1,14,2
4,3,3,5,2,4,4,5,2,3,1,5,5,5,4,3,4,3,3,4,5,1,1,2,2,2,2,5,4,4,3,5,14,1
2,3,2,4,2,4,4,4,2,2,2,4,4,3,4,3,3,3,2,1,3,4,4,4,2,3,1,2,4,4,4,4,24,2
3,2,1,4,1,4,5,1,3,3,1,1,3,3,5,5,4,2,1,1,2,3,4,3,1,3,1,1,5,4,2,1,27,2
1,3,3,4,4,5,4,3,2,2,2,3,5,5,3,4,1,3,4,2,5,2,3,4,1,4,2,5,2,4,2,4,16,2
2,3,2,2,3,3,2,2,2,3,1,3,4,4,2,4,2,3,4,2,4,3,1,2,1,3,3,3,3,3,3,4,22,2
3,2,3,1,5,5,2,1,3,2,5,1,5,3,3,5,1,3,5,1,4,1,2,1,1,3,4,3,1,5,1,1,19,1
1,5,2,3,4,4,4,3,2,3,2,3,5,3,4,3,1,3,4,2,5,3,4,2,1,4,1,4,1,4,4,4,41,1
1,4,3,3,4,5,5,3,1,4,1,4,5,5,4,2,1,4,2,3,5,2,4,2,1,5,1,3,1,4,4,3,36,2
2,3,5,5,3,5,2,3,2,3,3,5,3,4,1,2,1,2,4,3,4,2,2,4,2,3,2,4,2,4,2,4,18,1
2,3,1,2,5,5,4,3,1,3,4,2,4,5,5,2,1,3,4,2,5,4,4,1,1,5,1,3,1,5,2,3,22,2
3,2,1,1,3,4,4,1,5,1,1,1,4,2,4,5,3,2,1,1,4,4,4,1,2,2,2,2,3,4,4,1,22,2
1,4,2,4,4,4,5,4,2,3,1,3,5,4,5,2,2,3,2,4,4,3,4,4,2,3,1,3,2,4,4,3,20,1
1,4,2,2,5,5,3,2,2,4,4,4,4,2,2,2,2,4,4,2,4,2,2,2,2,4,2,3,2,4,2,2,29,1
2,2,4,1,3,3,3,1,3,2,1,4,5,2,4,5,2,2,2,1,5,4,2,2,1,3,3,4,2,4,2,1,23,1
1,3,4,4,5,5,2,5,1,3,4,5,4,2,3,5,1,2,5,5,5,4,4,5,2,5,5,5,2,4,1,2,29,2
1,1,2,3,4,5,5,3,4,2,1,4,4,1,4,3,2,1,1,3,5,5,4,3,2,1,2,5,3,4,5,3,19,2
3,2,4,1,2,5,3,3,4,1,4,1,2,2,5,5,3,4,4,2,4,3,5,2,3,1,1,1,2,3,3,3,24,2
1,3,4,3,5,5,5,3,1,3,3,3,5,2,5,4,2,3,5,3,5,3,3,5,1,5,1,3,5,5,3,4,18,1
3,3,4,2,2,2,1,1,5,1,5,1,2,2,4,5,-1,1,4,1,3,2,4,1,4,1,1,1,4,5,2,1,16,1
2,2,4,1,4,5,3,1,2,2,2,2,4,3,5,5,1,2,4,1,5,3,4,2,2,4,1,5,2,4,4,3,21,2
3,3,4,4,4,5,4,2,2,4,3,4,3,2,4,3,3,1,1,2,4,4,4,2,3,4,2,2,3,5,4,2,31,1
1,5,2,1,3,4,4,5,3,4,1,3,5,5,2,2,1,3,2,2,5,2,2,1,1,3,1,2,3,5,5,1,44849,0
-1,4,5,4,4,5,4,5,2,3,5,5,2,5,1,3,1,2,4,5,5,5,3,4,5,5,4,5,4,5,5,5,18,1
3,3,3,3,2,4,3,4,2,4,2,4,5,3,2,2,3,3,4,4,4,4,2,2,2,3,2,2,3,4,3,4,24,1
2,4,1,2,5,5,1,4,1,5,5,1,5,5,5,4,1,4,5,1,5,2,2,1,1,5,1,5,1,5,1,2,18,1
4,3,2,1,3,3,4,1,3,2,1,3,2,3,3,4,2,2,1,1,5,3,2,1,4,4,3,2,2,3,2,1,35,1
1,2,3,2,5,5,5,2,1,2,2,3,5,4,5,4,1,2,3,2,5,5,2,1,1,4,2,4,2,3,3,1,27,1
2,3,2,4,4,5,4,3,2,4,2,3,4,4,5,3,2,3,1,3,4,3,4,2,2,4,2,4,2,4,4,3,61,2
2,3,4,3,4,2,2,2,2,2,4,2,4,2,2,2,3,2,3,2,3,2,2,3,2,3,3,3,2,3,1,3,15,2
2,1,3,2,3,4,4,1,1,3,1,2,5,2,4,4,2,1,4,1,4,5,4,1,1,2,1,1,2,4,3,1,18,2
1,3,4,2,5,3,4,1,2,1,2,2,5,3,2,2,2,1,2,2,4,4,2,1,1,3,4,3,1,3,2,4,20,1
3,3,2,3,5,5,2,2,1,2,2,2,5,4,5,4,2,3,3,2,5,4,3,2,2,4,2,4,3,4,4,2,36,2
1,4,4,4,5,5,3,4,1,4,3,5,5,5,3,2,1,4,4,4,5,2,2,3,1,4,4,5,1,3,3,4,20,1
1,3,3,5,3,4,2,4,3,2,4,4,5,4,1,2,1,4,5,5,4,2,2,3,2,5,4,4,5,4,2,4,20,1
1,3,3,2,4,5,3,1,3,2,5,3,5,4,2,4,1,2,3,1,5,5,3,2,1,3,2,3,1,5,5,3,22,1
1,3,3,1,3,3,4,2,2,3,4,2,4,3,4,3,1,3,2,1,5,3,4,1,1,5,2,3,1,5,4,3,16,2
1,3,4,2,1,1,3,2,2,2,3,3,5,1,2,3,1,2,5,2,5,5,3,1,1,4,2,5,1,5,2,3,16,2
1,3,4,2,5,3,4,3,1,2,4,2,4,1,5,3,1,1,4,2,4,5,4,3,2,1,1,4,2,2,1,2,20,2
1,3,4,4,5,5,3,4,1,3,3,3,5,3,2,1,1,3,5,2,5,3,1,1,1,3,1,5,1,5,1,3,22,2
1,4,4,3,4,4,4,3,2,4,4,4,5,4,3,2,1,4,3,3,5,3,3,2,1,4,4,4,2,4,3,4,28,2
5,2,1,1,3,4,3,1,5,1,1,1,2,1,2,1,5,1,1,1,2,4,4,1,4,2,1,1,4,2,1,1,18,2
1,4,3,3,3,3,4,2,2,4,2,4,5,4,4,3,2,2,3,2,5,3,3,3,1,4,1,4,5,4,3,4,18,2
3,2,1,3,4,3,4,2,3,1,2,3,4,1,4,3,3,1,2,2,5,5,4,2,2,2,3,2,3,4,3,2,22,2
1,5,2,3,4,5,3,2,3,5,4,4,5,5,2,2,1,5,4,2,5,1,5,1,-1,5,4,5,1,3,2,3,16,1
1,5,5,5,5,5,1,2,1,5,5,4,5,5,1,1,1,5,5,2,5,1,1,1,1,5,1,5,1,5,1,2,21,1
2,4,4,2,5,5,4,2,1,4,2,3,5,5,4,4,1,3,4,2,5,3,2,2,1,4,2,2,1,5,1,2,37,2
3,5,4,4,3,5,3,3,3,3,4,4,4,4,4,3,2,4,4,3,5,4,3,4,1,5,2,3,2,4,2,5,33,1
1,5,5,1,5,5,4,-1,2,2,2,2,5,2,3,4,1,2,4,1,5,2,1,1,1,3,4,2,1,5,1,1,18,2
1,3,2,3,4,5,5,1,2,3,2,2,4,5,4,4,1,4,2,1,5,2,4,2,2,5,1,2,2,5,4,4,54,1
1,2,1,4,1,3,5,2,1,2,3,4,5,5,3,1,1,2,3,1,5,2,2,3,1,4,2,5,2,5,1,5,17,2
1,4,3,3,5,5,5,3,5,4,4,1,5,4,5,5,1,4,3,1,5,4,4,4,1,5,3,2,1,4,5,3,17,2
2,3,3,2,2,3,4,2,3,1,2,2,5,2,4,4,2,1,3,1,4,3,3,3,1,1,1,3,2,4,2,2,17,2
1,4,3,1,3,5,1,1,5,1,5,1,5,5,1,5,4,3,3,1,5,1,1,1,1,5,4,4,1,5,1,1,20,2
2,4,5,1,4,5,2,2,2,4,5,1,5,4,2,4,2,3,4,1,5,3,4,2,5,3,5,4,1,5,1,3,14,1
1,5,5,5,5,5,4,5,5,5,5,1,5,5,1,1,1,5,1,5,5,1,1,1,1,5,1,5,3,5,4,5,24,1
5,4,1,2,2,4,2,1,2,2,3,3,4,1,5,2,1,2,4,1,2,5,5,3,2,2,1,1,5,5,3,1,46,1
2,3,2,2,4,5,3,2,2,1,3,2,5,2,4,4,1,3,2,2,5,2,5,2,1,4,1,4,2,4,2,2,39,1
1,5,4,4,4,5,3,1,1,2,1,3,5,5,1,1,1,1,3,1,5,3,1,2,1,5,3,5,2,5,1,2,17,2
3,4,4,3,4,3,4,4,3,3,2,3,2,5,5,4,5,5,5,4,5,5,5,4,4,5,5,4,3,3,2,3,29,1
1,5,4,2,5,5,2,5,1,4,2,5,5,3,2,1,1,3,4,4,5,4,2,2,1,5,1,3,1,5,1,5,27,2
2,3,1,2,3,2,4,2,3,2,2,3,4,3,3,3,2,3,3,1,4,4,4,2,2,4,3,1,2,2,3,2,25,1
2,3,4,3,4,5,1,3,3,2,3,3,4,3,2,2,1,2,3,3,4,3,2,3,1,4,1,2,2,5,2,3,20,1
1,5,4,2,5,4,3,2,2,3,2,3,5,3,5,4,1,2,3,2,5,3,2,1,1,3,3,2,2,3,3,5,17,2
1,4,4,2,5,3,2,4,3,2,1,5,4,2,2,1,1,3,3,3,5,3,2,4,1,3,4,1,2,2,2,5,23,1
2,4,3,1,3,3,2,3,4,3,3,4,5,3,5,1,1,2,4,2,5,4,3,2,1,3,1,2,2,4,2,4,30,2
3,3,2,3,2,3,2,2,2,2,3,4,4,3,4,2,4,2,2,3,4,2,3,4,2,4,3,4,2,4,2,4,17,2
2,3,3,5,3,5,3,5,2,2,3,3,5,3,3,1,2,2,3,5,4,1,3,4,1,2,1,2,3,3,1,5,31,1
1,4,3,3,4,4,3,3,2,4,2,3,5,4,3,3,2,4,4,3,5,2,3,3,2,4,2,3,3,4,3,3,23,1
2,5,3,3,2,4,3,2,-1,4,3,1,5,4,4,4,2,5,5,1,5,3,3,2,1,4,1,3,2,4,5,2,16,2
2,4,2,2,5,5,2,1,1,3,3,1,5,3,3,5,2,3,3,1,5,5,3,2,1,2,3,2,1,4,3,1,16,2
4,5,4,5,4,4,2,2,1,5,5,5,5,5,3,3,2,5,5,2,5,2,5,2,1,5,2,3,4,5,5,4,14,2
1,4,4,4,4,4,2,4,2,4,1,2,5,4,2,2,1,4,3,4,5,3,2,2,1,4,2,5,2,3,3,4,22,2
2,3,2,2,4,3,4,2,1,2,2,3,4,3,5,4,2,2,5,1,5,4,4,2,2,4,2,4,3,2,4,2,55,1
2,-1,3,2,4,5,3,1,3,3,4,3,3,2,4,4,2,2,4,2,4,4,3,2,1,4,4,4,1,5,2,2,26,1
2,4,4,3,4,5,2,3,2,4,4,2,4,4,2,3,2,4,5,3,5,2,1,4,2,5,2,5,2,5,1,3,18,2
1,5,5,5,5,5,3,5,1,4,5,3,5,5,2,1,1,5,5,4,5,1,1,4,1,5,1,4,1,3,1,5,19,1
1,3,5,1,3,3,4,1,5,2,5,1,5,2,3,5,2,1,3,1,4,5,1,1,1,3,5,1,1,3,1,1,25,2
3,2,3,2,3,5,4,2,5,2,4,3,4,3,5,4,2,3,3,1,4,5,4,3,1,4,2,3,2,4,3,1,27,2
2,1,4,2,4,4,5,1,1,2,2,4,5,2,5,4,2,4,5,2,5,5,4,3,1,5,1,1,2,2,4,4,14,2
3,4,4,2,2,4,2,3,2,4,2,2,4,5,2,2,2,4,4,2,4,2,2,1,2,4,2,4,2,5,1,3,26,1
2,3,1,3,5,4,4,3,4,3,3,4,5,4,5,3,4,4,3,3,5,4,4,2,1,5,2,3,4,4,3,4,61,2
2,3,2,4,3,4,3,4,5,2,5,4,5,3,5,2,1,2,5,3,5,3,2,5,1,4,3,1,1,2,1,5,24,1
3,2,4,1,3,4,2,1,2,2,4,1,5,3,3,2,3,2,2,1,3,5,2,1,1,3,4,1,3,4,2,1,16,1
2,5,3,1,3,5,5,1,2,4,1,1,5,4,5,5,1,5,1,1,5,4,1,2,1,5,1,5,2,5,5,1,16,2
2,3,3,3,4,4,4,3,4,2,4,3,5,3,4,3,2,3,4,2,4,4,3,2,2,4,1,5,3,4,3,3,22,1
2,5,3,1,3,5,4,3,3,5,3,4,5,5,3,2,3,5,1,2,3,2,3,3,2,5,3,2,4,5,3,4,24,1
5,2,3,2,2,5,3,2,5,2,4,2,3,1,3,4,3,2,4,3,3,5,2,3,3,4,2,1,5,5,3,2,35,1
1,2,3,1,5,5,4,1,2,4,2,2,5,2,5,5,1,2,5,1,5,4,2,2,1,5,2,5,1,4,1,1,27,2
3,4,4,3,3,3,4,2,3,3,4,2,4,4,2,4,3,2,3,2,3,3,2,3,3,3,2,3,4,3,2,3,18,1
-1,-1,-1,-1,-1,-1,-1,-1,-1,-1,-1,-1,-1,-1,-1,-1,-1,-1,-1,-1,-1,-1,-1,-1,-1,-1,-1,-1,-1,-1,-1,-1,34,1
2,2,3,3,3,3,5,3,2,3,2,3,3,2,4,3,3,1,2,3,4,5,3,2,3,4,1,1,3,2,3,2,35,2
2,5,2,3,4,5,3,2,2,5,2,2,4,4,2,4,2,5,4,2,4,2,4,3,2,4,2,2,2,5,2,1,16,2
2,4,4,4,2,5,2,2,4,2,4,2,5,4,2,1,4,2,5,4,3,2,1,3,1,3,2,5,2,4,1,3,24,1
2,2,2,3,2,4,5,2,3,3,2,2,5,4,5,5,2,3,1,2,4,5,4,1,1,3,1,2,2,4,3,3,16,2
2,3,3,4,2,5,4,4,3,2,2,4,4,2,1,2,2,2,3,3,3,3,2,3,1,3,1,3,3,4,3,4,23,2
2,4,3,3,4,4,4,2,2,5,2,4,4,4,3,3,2,5,3,2,4,2,3,3,2,5,3,3,2,4,4,4,15,1
4,3,2,2,3,4,2,1,5,4,4,1,4,2,4,5,4,3,4,1,2,4,2,5,3,4,4,4,3,4,5,2,21,1
1,4,5,5,3,5,2,4,2,2,4,1,5,5,2,1,2,2,4,4,4,1,2,4,1,4,4,5,3,4,1,4,22,1
3,3,2,2,4,5,2,2,3,2,2,4,4,3,5,4,1,2,4,2,5,2,4,1,1,3,3,5,2,4,5,2,51,1
1,1,5,5,2,5,5,5,1,3,1,5,5,5,1,1,1,2,1,1,5,4,5,2,1,5,1,5,2,2,4,4,26,2
3,2,4,5,5,5,4,1,5,3,1,2,3,1,5,5,1,1,1,1,5,4,5,2,3,3,4,4,1,4,4,3,23,1
2,4,3,5,3,2,2,3,2,4,5,5,5,4,3,3,2,1,5,5,-1,3,3,3,2,2,3,1,4,2,2,5,25,1
2,1,3,2,3,2,4,2,3,1,2,1,5,3,4,4,2,1,3,1,4,5,4,2,1,2,2,4,2,3,2,3,15,2
1,4,3,1,5,4,4,1,2,1,2,1,5,3,3,2,1,1,4,1,5,3,2,1,1,4,3,4,1,1,1,4,41,1
2,4,1,3,4,4,5,2,3,2,1,2,5,4,5,4,1,3,3,2,5,1,4,3,1,3,1,1,1,4,3,4,17,1
1,5,2,2,1,1,2,2,4,1,1,2,1,4,5,3,5,5,1,2,5,5,4,1,1,3,1,5,1,1,5,2,16,2
2,4,3,5,3,5,3,2,3,3,4,4,5,3,3,4,3,4,4,3,5,3,4,3,1,4,1,2,2,5,3,2,26,1
1,4,3,2,5,5,3,5,3,2,3,4,5,4,1,2,1,3,4,4,4,3,1,1,1,-1,5,5,2,1,3,2,15,2
3,3,3,2,3,2,4,3,4,2,2,3,4,2,4,3,2,2,2,2,4,5,4,2,2,4,2,2,4,2,3,2,49,2
4,4,3,4,5,5,1,2,1,3,4,5,4,3,2,1,1,1,1,1,5,2,1,1,1,5,1,5,2,5,1,5,18,1
4,4,5,4,2,5,2,4,5,3,4,3,4,3,2,3,4,4,5,4,2,4,2,3,2,4,5,4,2,4,2,3,20,2
4,3,2,2,3,1,2,3,2,2,4,2,4,3,5,2,-1,2,1,1,4,4,5,2,3,1,1,5,1,5,5,2,25,1
2,1,4,1,5,1,5,1,1,1,3,1,5,1,4,5,1,1,1,1,5,5,2,1,1,1,1,1,1,1,3,1,22,1
1,3,3,4,5,4,3,2,2,3,3,4,4,4,5,5,1,4,3,2,5,3,3,4,2,4,2,4,2,3,5,3,22,1
4,2,3,2,1,4,2,3,3,2,2,3,4,1,2,4,2,2,1,2,4,4,3,3,2,3,3,4,5,4,3,3,22,2
3,2,3,2,2,4,3,1,3,2,4,3,4,3,5,4,3,3,2,1,4,3,2,2,2,3,2,3,4,4,3,1,22,2
2,1,1,3,4,3,2,4,2,1,2,4,5,2,5,3,1,4,4,3,5,5,4,3,-1,2,1,4,3,2,2,4,57,1
2,3,4,3,3,4,2,3,4,3,5,3,4,4,3,4,2,4,2,2,4,2,3,4,1,5,3,4,4,4,3,5,22,1
3,4,2,3,5,5,3,3,2,1,2,1,5,2,2,3,3,4,4,2,5,5,3,2,1,1,3,5,4,5,4,3,26,2
1,5,3,2,5,5,4,3,2,4,2,4,5,5,5,3,2,4,3,2,5,2,4,4,1,4,1,4,1,5,4,4,30,1
2,4,5,3,4,4,3,3,1,3,3,3,5,4,3,3,2,4,3,2,5,2,2,3,1,5,1,3,2,5,1,3,30,2
4,5,3,4,5,5,4,3,2,3,5,5,5,3,3,2,1,3,4,3,5,3,2,2,1,5,5,4,2,4,2,5,45,1
2,4,3,2,3,3,4,3,2,2,2,4,4,3,5,3,2,2,2,2,4,3,4,2,2,3,2,3,3,5,4,3,16,1
1,4,5,2,4,4,2,3,2,4,2,4,5,4,2,2,1,4,5,3,5,5,2,2,1,3,5,3,2,4,1,3,22,2
2,4,2,3,3,4,4,3,3,3,2,3,4,4,2,3,3,4,4,3,4,2,2,2,3,4,3,3,3,4,3,4,22,1
3,4,4,4,3,4,3,2,4,2,4,3,4,4,2,3,2,2,3,2,5,2,2,2,1,4,1,1,1,1,1,1,18,1
2,5,3,2,3,5,4,1,2,5,4,1,5,5,4,5,2,5,4,1,4,1,1,1,1,5,1,3,3,5,1,3,18,2
1,4,5,4,5,5,3,2,1,3,5,2,5,4,5,5,1,2,3,1,5,1,2,1,1,4,5,4,1,5,1,1,19,2
1,4,3,4,5,5,3,3,2,4,3,3,5,5,2,3,1,5,5,2,5,2,2,3,1,4,5,3,1,5,2,3,36,1
2,4,3,2,3,4,2,3,2,4,2,4,5,3,4,3,2,4,2,4,5,3,2,3,1,4,3,3,2,4,2,2,37,1
3,2,3,3,2,5,3,2,3,4,1,4,2,2,4,4,4,1,2,2,4,4,3,3,3,4,3,2,5,4,4,4,18,2
1,4,5,2,4,4,1,2,2,5,2,2,5,4,1,2,1,3,4,2,5,3,1,3,1,4,5,4,1,4,1,2,31,1
1,4,4,5,4,4,3,5,4,3,4,5,5,5,2,1,1,3,4,5,5,4,2,4,1,4,4,4,2,4,1,5,15,1
3,4,4,3,3,4,3,2,4,3,3,2,4,4,3,4,3,3,3,2,3,3,2,3,2,4,2,3,3,4,3,3,21,2
4,2,1,3,3,5,3,2,4,3,3,4,4,2,5,4,3,1,4,2,5,3,3,2,2,4,2,2,2,4,3,1,30,2
